dgp,alpha,rho,seed,base_model,learner,variant,beta,pehe,wasted_spend,iroas_efficiency,qini,mean_tau_topk,pct_sleeping_dog,pct_persuadable,status
linear,0.0,0.05,0,causal_forest,rf,additive,0.0,0.3546891182040396,0.9122222222222223,0.07277628032345014,5.502698491915478,0.015,0.07277777777777777,0.08777777777777777,ok
linear,0.0,0.05,0,causal_forest,rf,additive,0.05,0.3546955004832253,0.915,0.08625336927223719,5.580293515597078,0.017777777777777778,0.06722222222222222,0.085,ok
linear,0.0,0.05,0,causal_forest,rf,additive,0.1,0.3546926036493328,0.9183333333333333,0.0889487870619946,5.760799571651261,0.018333333333333333,0.06333333333333334,0.08166666666666667,ok
linear,0.0,0.05,0,causal_forest,rf,additive,0.2,0.3546917162325965,0.9255555555555556,0.07547169811320754,5.908135408378248,0.015555555555555555,0.058888888888888886,0.07444444444444444,ok
linear,0.0,0.05,0,causal_forest,rf,additive,0.5,0.3546850857206849,0.94,0.07277628032345014,5.676469063933815,0.015,0.045,0.06,ok
linear,0.0,0.05,0,causal_forest,rf,additive,1.0,0.3546902099662445,0.9511111111111111,0.06199460916442048,3.1230011362827446,0.012777777777777779,0.03611111111111111,0.04888888888888889,ok
linear,0.0,0.05,0,causal_forest,rf,multiplicative,,0.35469306077537355,0.9127777777777778,0.08086253369272238,5.794769884177571,0.016666666666666666,0.07055555555555555,0.08722222222222223,ok
linear,0.0,0.05,0,rlearner,lr,additive,0.0,0.3541039031769672,0.8977777777777778,0.1293800539083558,5.726542850082874,0.02666666666666667,0.07555555555555556,0.10222222222222223,ok
linear,0.0,0.05,0,rlearner,lr,additive,0.05,0.3541039031769672,0.9038888888888889,0.1293800539083558,5.991597264873451,0.02666666666666667,0.06944444444444445,0.0961111111111111,ok
linear,0.0,0.05,0,rlearner,lr,additive,0.1,0.3541039031769672,0.9083333333333333,0.14016172506738545,6.319963110310431,0.028888888888888888,0.06277777777777778,0.09166666666666666,ok
linear,0.0,0.05,0,rlearner,lr,additive,0.2,0.3541039031769672,0.9166666666666666,0.13746630727762804,6.860138526769944,0.028333333333333332,0.055,0.08333333333333333,ok
linear,0.0,0.05,0,rlearner,lr,additive,0.5,0.3541039031769672,0.9344444444444444,0.12398921832884097,8.138462121770354,0.025555555555555557,0.04,0.06555555555555556,ok
linear,0.0,0.05,0,rlearner,lr,additive,1.0,0.3541039031769672,0.9488888888888889,0.10242587601078168,8.142865254984919,0.021111111111111112,0.03,0.051111111111111114,ok
linear,0.0,0.05,0,rlearner,lr,multiplicative,,0.3541039031769672,0.9011111111111111,0.1293800539083558,5.853757713578606,0.02666666666666667,0.07222222222222222,0.09888888888888889,ok
linear,0.0,0.05,0,tlearner,rf,additive,0.0,0.35480414257006915,0.9005555555555556,0.10512129380053908,5.676004714592068,0.021666666666666667,0.07777777777777778,0.09944444444444445,ok
linear,0.0,0.05,0,tlearner,rf,additive,0.05,0.35480414257006915,0.9038888888888889,0.09703504043126684,5.7678682246341175,0.02,0.07611111111111112,0.0961111111111111,ok
linear,0.0,0.05,0,tlearner,rf,additive,0.1,0.35480414257006915,0.9055555555555556,0.10242587601078168,5.8378605204045,0.021111111111111112,0.07333333333333333,0.09444444444444444,ok
linear,0.0,0.05,0,tlearner,rf,additive,0.2,0.35480414257006915,0.91,0.0835579514824798,5.9585558024834,0.017222222222222222,0.07277777777777777,0.09,ok
linear,0.0,0.05,0,tlearner,rf,additive,0.5,0.35480414257006915,0.9288888888888889,0.09703504043126684,6.0335050208799546,0.02,0.051111111111111114,0.07111111111111111,ok
linear,0.0,0.05,0,tlearner,rf,additive,1.0,0.35480414257006915,0.9461111111111111,0.05390835579514825,4.0441937028426,0.011111111111111112,0.042777777777777776,0.05388888888888889,ok
linear,0.0,0.05,0,tlearner,rf,multiplicative,,0.35480414257006915,0.9011111111111111,0.11320754716981132,5.74152847332837,0.023333333333333334,0.07555555555555556,0.09888888888888889,ok
linear,0.0,0.05,1,causal_forest,rf,additive,0.0,0.3370636238717459,0.9255555555555556,0.10242587601078168,0.24422035712977583,0.021111111111111112,0.05333333333333334,0.07444444444444444,ok
linear,0.0,0.05,1,causal_forest,rf,additive,0.05,0.337065232139334,0.9288888888888889,0.09973045822102425,0.2876486389661568,0.020555555555555556,0.050555555555555555,0.07111111111111111,ok
linear,0.0,0.05,1,causal_forest,rf,additive,0.1,0.33707867973537453,0.935,0.08625336927223719,0.326963698769189,0.017777777777777778,0.04722222222222222,0.065,ok
linear,0.0,0.05,1,causal_forest,rf,additive,0.2,0.3370594705822236,0.9383333333333334,0.08625336927223719,0.3373857181372833,0.017777777777777778,0.04388888888888889,0.06166666666666667,ok
linear,0.0,0.05,1,causal_forest,rf,additive,0.5,0.33705610123463875,0.9505555555555556,0.05390835579514825,0.18392642132182513,0.011111111111111112,0.03833333333333333,0.049444444444444444,ok
linear,0.0,0.05,1,causal_forest,rf,additive,1.0,0.33706697150907067,0.9583333333333334,0.03773584905660377,0.11937434346354653,0.0077777777777777776,0.03388888888888889,0.041666666666666664,ok
linear,0.0,0.05,1,causal_forest,rf,multiplicative,,0.3370602881508565,0.9255555555555556,0.10512129380053908,0.24770194009843977,0.021666666666666667,0.05277777777777778,0.07444444444444444,ok
linear,0.0,0.05,1,rlearner,lr,additive,0.0,0.3358975858383186,0.9322222222222222,0.1320754716981132,1.286705282500962,0.02722222222222222,0.04055555555555555,0.06777777777777778,ok
linear,0.0,0.05,1,rlearner,lr,additive,0.05,0.3358975858383186,0.9377777777777778,0.11320754716981132,1.2825193352065711,0.023333333333333334,0.03888888888888889,0.06222222222222222,ok
linear,0.0,0.05,1,rlearner,lr,additive,0.1,0.3358975858383186,0.9411111111111111,0.1078167115902965,1.2559935256421957,0.022222222222222223,0.03666666666666667,0.058888888888888886,ok
linear,0.0,0.05,1,rlearner,lr,additive,0.2,0.3358975858383186,0.9461111111111111,0.09973045822102425,1.134434316168961,0.020555555555555556,0.03333333333333333,0.05388888888888889,ok
linear,0.0,0.05,1,rlearner,lr,additive,0.5,0.3358975858383186,0.9527777777777777,0.10242587601078168,0.7879767967410956,0.021111111111111112,0.026111111111111113,0.04722222222222222,ok
linear,0.0,0.05,1,rlearner,lr,additive,1.0,0.3358975858383186,0.9616666666666667,0.09973045822102425,0.541681320923725,0.020555555555555556,0.017777777777777778,0.03833333333333333,ok
linear,0.0,0.05,1,rlearner,lr,multiplicative,,0.3358975858383186,0.9327777777777778,0.1320754716981132,1.266333574598913,0.02722222222222222,0.04,0.06722222222222222,ok
linear,0.0,0.05,1,tlearner,rf,additive,0.0,0.33812346486821243,0.9288888888888889,0.05660377358490566,-0.4698344454902453,0.011666666666666667,0.059444444444444446,0.07111111111111111,ok
linear,0.0,0.05,1,tlearner,rf,additive,0.05,0.33812346486821243,0.9272222222222222,0.07816711590296496,-0.43329201408710855,0.01611111111111111,0.056666666666666664,0.07277777777777777,ok
linear,0.0,0.05,1,tlearner,rf,additive,0.1,0.33812346486821243,0.9294444444444444,0.07547169811320754,-0.39418791355249116,0.015555555555555555,0.055,0.07055555555555555,ok
linear,0.0,0.05,1,tlearner,rf,additive,0.2,0.33812346486821243,0.9344444444444444,0.07816711590296496,-0.34075711494086125,0.01611111111111111,0.049444444444444444,0.06555555555555556,ok
linear,0.0,0.05,1,tlearner,rf,additive,0.5,0.33812346486821243,0.9444444444444444,0.04582210242587601,-0.2349342360855482,0.009444444444444445,0.04611111111111111,0.05555555555555555,ok
linear,0.0,0.05,1,tlearner,rf,additive,1.0,0.33812346486821243,0.95,0.03234501347708895,-0.08437456515110604,0.006666666666666667,0.043333333333333335,0.05,ok
linear,0.0,0.05,1,tlearner,rf,multiplicative,,0.33812346486821243,0.9277777777777778,0.0646900269541779,-0.4529900703151208,0.013333333333333334,0.058888888888888886,0.07222222222222222,ok
linear,0.0,0.05,2,causal_forest,rf,additive,0.0,0.36555561401809916,0.9333333333333333,0.02030456852791878,-0.26510509070343014,0.0044444444444444444,0.06222222222222222,0.06666666666666667,ok
linear,0.0,0.05,2,causal_forest,rf,additive,0.05,0.36557738090952824,0.9394444444444444,0.0025380710659898475,-0.21480824421226122,0.0005555555555555556,0.06,0.06055555555555556,ok
linear,0.0,0.05,2,causal_forest,rf,additive,0.1,0.36556359885497197,0.945,-0.0076142131979695426,-0.1622181937100594,-0.0016666666666666668,0.056666666666666664,0.055,ok
linear,0.0,0.05,2,causal_forest,rf,additive,0.2,0.3655487656704886,0.9533333333333334,-0.0076142131979695426,-0.08320596948446739,-0.0016666666666666668,0.04833333333333333,0.04666666666666667,ok
linear,0.0,0.05,2,causal_forest,rf,additive,0.5,0.36555146181981635,0.9661111111111111,-0.017766497461928935,-0.007426439808165749,-0.0038888888888888888,0.03777777777777778,0.03388888888888889,ok
linear,0.0,0.05,2,causal_forest,rf,additive,1.0,0.36556878464013876,0.9672222222222222,-0.0025380710659898475,0.04205839833017126,-0.0005555555555555556,0.03333333333333333,0.03277777777777778,ok
linear,0.0,0.05,2,causal_forest,rf,multiplicative,,0.3655837278385974,0.9344444444444444,0.02030456852791878,-0.289609103422313,0.0044444444444444444,0.06111111111111111,0.06555555555555556,ok
linear,0.0,0.05,2,rlearner,lr,additive,0.0,0.3644728214270954,0.9366666666666666,0.07106598984771574,0.5803641787835037,0.015555555555555555,0.04777777777777778,0.06333333333333334,ok
linear,0.0,0.05,2,rlearner,lr,additive,0.05,0.3644728214270954,0.9422222222222222,0.07360406091370558,0.6294680320798892,0.01611111111111111,0.041666666666666664,0.057777777777777775,ok
linear,0.0,0.05,2,rlearner,lr,additive,0.1,0.3644728214270954,0.95,0.06345177664974619,0.7044547728490137,0.013888888888888888,0.03611111111111111,0.05,ok
linear,0.0,0.05,2,rlearner,lr,additive,0.2,0.3644728214270954,0.9561111111111111,0.07614213197969544,0.8262210911074864,0.016666666666666666,0.02722222222222222,0.04388888888888889,ok
linear,0.0,0.05,2,rlearner,lr,additive,0.5,0.3644728214270954,0.9633333333333334,0.04314720812182741,0.9396407044002872,0.009444444444444445,0.02722222222222222,0.03666666666666667,ok
linear,0.0,0.05,2,rlearner,lr,additive,1.0,0.3644728214270954,0.9688888888888889,0.04568527918781726,0.9154869676856028,0.01,0.021111111111111112,0.03111111111111111,ok
linear,0.0,0.05,2,rlearner,lr,multiplicative,,0.3644728214270954,0.9394444444444444,0.06852791878172589,0.5964163069611379,0.015,0.04555555555555556,0.06055555555555556,ok
linear,0.0,0.05,2,tlearner,rf,additive,0.0,0.3649222727805907,0.9194444444444444,0.048223350253807105,0.27004057977010926,0.010555555555555556,0.07,0.08055555555555556,ok
linear,0.0,0.05,2,tlearner,rf,additive,0.05,0.3649222727805907,0.925,0.03299492385786802,0.2972926656805384,0.007222222222222222,0.06777777777777778,0.075,ok
linear,0.0,0.05,2,tlearner,rf,additive,0.1,0.3649222727805907,0.9266666666666666,0.048223350253807105,0.30763229148455096,0.010555555555555556,0.06277777777777778,0.07333333333333333,ok
linear,0.0,0.05,2,tlearner,rf,additive,0.2,0.3649222727805907,0.9338888888888889,0.06598984771573604,0.336030072090026,0.014444444444444444,0.051666666666666666,0.0661111111111111,ok
linear,0.0,0.05,2,tlearner,rf,additive,0.5,0.3649222727805907,0.9561111111111111,-0.0076142131979695426,0.2788294161999254,-0.0016666666666666668,0.04555555555555556,0.04388888888888889,ok
linear,0.0,0.05,2,tlearner,rf,additive,1.0,0.3649222727805907,0.9638888888888889,0.005076142131979695,0.19846757825747902,0.0011111111111111111,0.035,0.03611111111111111,ok
linear,0.0,0.05,2,tlearner,rf,multiplicative,,0.3649222727805907,0.9211111111111111,0.04314720812182741,0.2583071141004387,0.009444444444444445,0.06944444444444445,0.07888888888888888,ok
linear,1.0,0.05,0,causal_forest,rf,additive,0.0,0.35501213005312554,0.9088888888888889,0.0835579514824798,0.2014563573376864,0.017222222222222222,0.07388888888888889,0.09111111111111111,ok
linear,1.0,0.05,0,causal_forest,rf,additive,0.05,0.35500967176244574,0.9133333333333333,0.07816711590296496,0.2028689073348816,0.01611111111111111,0.07055555555555555,0.08666666666666667,ok
linear,1.0,0.05,0,causal_forest,rf,additive,0.1,0.35501254559763107,0.9233333333333333,0.04851752021563342,0.19834264747312993,0.01,0.06666666666666667,0.07666666666666666,ok
linear,1.0,0.05,0,causal_forest,rf,additive,0.2,0.35500914829310454,0.9344444444444444,0.03234501347708895,0.17776008731418738,0.006666666666666667,0.058888888888888886,0.06555555555555556,ok
linear,1.0,0.05,0,causal_forest,rf,additive,0.5,0.3550104544031313,0.9466666666666667,0.02425876010781671,0.20379974258573763,0.005,0.04833333333333333,0.05333333333333334,ok
linear,1.0,0.05,0,causal_forest,rf,additive,1.0,0.35501194415025095,0.9588888888888889,0.013477088948787063,0.24030043611436888,0.002777777777777778,0.03833333333333333,0.04111111111111111,ok
linear,1.0,0.05,0,causal_forest,rf,multiplicative,,0.35501342152292104,0.9105555555555556,0.0835579514824798,0.18081318628122242,0.017222222222222222,0.07222222222222222,0.08944444444444444,ok
linear,1.0,0.05,0,rlearner,lr,additive,0.0,0.3544044396851224,0.8955555555555555,0.12398921832884097,0.49319856789754946,0.025555555555555557,0.07888888888888888,0.10444444444444445,ok
linear,1.0,0.05,0,rlearner,lr,additive,0.05,0.3544044396851224,0.8983333333333333,0.1347708894878706,0.497617569426588,0.027777777777777776,0.07388888888888889,0.10166666666666667,ok
linear,1.0,0.05,0,rlearner,lr,additive,0.1,0.3544044396851224,0.9033333333333333,0.14016172506738545,0.5128770486004784,0.028888888888888888,0.06777777777777778,0.09666666666666666,ok
linear,1.0,0.05,0,rlearner,lr,additive,0.2,0.3544044396851224,0.9127777777777778,0.12398921832884097,0.562181146183421,0.025555555555555557,0.06166666666666667,0.08722222222222223,ok
linear,1.0,0.05,0,rlearner,lr,additive,0.5,0.3544044396851224,0.9338888888888889,0.1078167115902965,0.684362869609484,0.022222222222222223,0.04388888888888889,0.0661111111111111,ok
linear,1.0,0.05,0,rlearner,lr,additive,1.0,0.3544044396851224,0.95,0.07816711590296496,0.6758149213264456,0.01611111111111111,0.03388888888888889,0.05,ok
linear,1.0,0.05,0,rlearner,lr,multiplicative,,0.3544044396851224,0.8961111111111111,0.1293800539083558,0.5051005407781239,0.02666666666666667,0.07722222222222222,0.10388888888888889,ok
linear,1.0,0.05,0,tlearner,rf,additive,0.0,0.35495623584001434,0.9188888888888889,0.07277628032345014,0.4142748729254927,0.015,0.0661111111111111,0.0811111111111111,ok
linear,1.0,0.05,0,tlearner,rf,additive,0.05,0.35495623584001434,0.9211111111111111,0.07008086253369272,0.4121946196014549,0.014444444444444444,0.06444444444444444,0.07888888888888888,ok
linear,1.0,0.05,0,tlearner,rf,additive,0.1,0.35495623584001434,0.9244444444444444,0.07547169811320754,0.4163657912705879,0.015555555555555555,0.06,0.07555555555555556,ok
linear,1.0,0.05,0,tlearner,rf,additive,0.2,0.35495623584001434,0.93,0.06199460916442048,0.4200981628903007,0.012777777777777779,0.05722222222222222,0.07,ok
linear,1.0,0.05,0,tlearner,rf,additive,0.5,0.35495623584001434,0.9433333333333334,0.05390835579514825,0.4093369009582966,0.011111111111111112,0.04555555555555556,0.056666666666666664,ok
linear,1.0,0.05,0,tlearner,rf,additive,1.0,0.35495623584001434,0.9566666666666667,0.010781671159029648,0.3636399353201425,0.0022222222222222222,0.04111111111111111,0.043333333333333335,ok
linear,1.0,0.05,0,tlearner,rf,multiplicative,,0.35495623584001434,0.9194444444444444,0.0673854447439353,0.41472634101464895,0.013888888888888888,0.06666666666666667,0.08055555555555556,ok
linear,1.0,0.05,1,causal_forest,rf,additive,0.0,0.3373393623111412,0.9316666666666666,0.05929919137466308,-0.6140765146099489,0.012222222222222223,0.05611111111111111,0.06833333333333333,ok
linear,1.0,0.05,1,causal_forest,rf,additive,0.05,0.3373304144473815,0.9338888888888889,0.05660377358490566,-0.5125337903479673,0.011666666666666667,0.05444444444444444,0.0661111111111111,ok
linear,1.0,0.05,1,causal_forest,rf,additive,0.1,0.3373332357863906,0.9361111111111111,0.0646900269541779,-0.414271258435665,0.013333333333333334,0.050555555555555555,0.06388888888888888,ok
linear,1.0,0.05,1,causal_forest,rf,additive,0.2,0.3373304690468458,0.9394444444444444,0.08086253369272238,-0.18794319224670542,0.016666666666666666,0.04388888888888889,0.06055555555555556,ok
linear,1.0,0.05,1,causal_forest,rf,additive,0.5,0.33733401113474026,0.9438888888888889,0.07008086253369272,0.22310210725165033,0.014444444444444444,0.041666666666666664,0.05611111111111111,ok
linear,1.0,0.05,1,causal_forest,rf,additive,1.0,0.33733125035717576,0.9461111111111111,0.08625336927223719,0.544015356263778,0.017777777777777778,0.03611111111111111,0.05388888888888889,ok
linear,1.0,0.05,1,causal_forest,rf,multiplicative,,0.33733190590681655,0.9333333333333333,0.05660377358490566,-0.5926064435816056,0.011666666666666667,0.055,0.06666666666666667,ok
linear,1.0,0.05,1,rlearner,lr,additive,0.0,0.3361533223101258,0.9288888888888889,0.09703504043126684,0.21371518075538115,0.02,0.051111111111111114,0.07111111111111111,ok
linear,1.0,0.05,1,rlearner,lr,additive,0.05,0.3361533223101258,0.9322222222222222,0.08625336927223719,0.27363216157020215,0.017777777777777778,0.05,0.06777777777777778,ok
linear,1.0,0.05,1,rlearner,lr,additive,0.1,0.3361533223101258,0.9355555555555556,0.07547169811320754,0.3366381737131878,0.015555555555555555,0.04888888888888889,0.06444444444444444,ok
linear,1.0,0.05,1,rlearner,lr,additive,0.2,0.3361533223101258,0.9405555555555556,0.0889487870619946,0.45054549891771617,0.018333333333333333,0.04111111111111111,0.059444444444444446,ok
linear,1.0,0.05,1,rlearner,lr,additive,0.5,0.3361533223101258,0.9494444444444444,0.09703504043126684,0.7235650397951611,0.02,0.030555555555555555,0.050555555555555555,ok
linear,1.0,0.05,1,rlearner,lr,additive,1.0,0.3361533223101258,0.9583333333333334,0.09164420485175202,0.8272892264081548,0.01888888888888889,0.02277777777777778,0.041666666666666664,ok
linear,1.0,0.05,1,rlearner,lr,multiplicative,,0.3361533223101258,0.93,0.09703504043126684,0.22332371235283474,0.02,0.05,0.07,ok
linear,1.0,0.05,1,tlearner,rf,additive,0.0,0.3378759283944134,0.9261111111111111,0.09433962264150944,0.5453772836202994,0.019444444444444445,0.05444444444444444,0.07388888888888889,ok
linear,1.0,0.05,1,tlearner,rf,additive,0.05,0.3378759283944134,0.9272222222222222,0.10512129380053908,0.5441045274137069,0.021666666666666667,0.051111111111111114,0.07277777777777777,ok
linear,1.0,0.05,1,tlearner,rf,additive,0.1,0.3378759283944134,0.9288888888888889,0.09703504043126684,0.5561486083973718,0.02,0.051111111111111114,0.07111111111111111,ok
linear,1.0,0.05,1,tlearner,rf,additive,0.2,0.3378759283944134,0.9311111111111111,0.09703504043126684,0.5844550367720491,0.02,0.04888888888888889,0.06888888888888889,ok
linear,1.0,0.05,1,tlearner,rf,additive,0.5,0.3378759283944134,0.935,0.10242587601078168,0.6649684475266946,0.021111111111111112,0.04388888888888889,0.065,ok
linear,1.0,0.05,1,tlearner,rf,additive,1.0,0.3378759283944134,0.9433333333333334,0.07008086253369272,0.7839236207324283,0.014444444444444444,0.042222222222222223,0.056666666666666664,ok
linear,1.0,0.05,1,tlearner,rf,multiplicative,,0.3378759283944134,0.9266666666666666,0.09164420485175202,0.5511822001505298,0.01888888888888889,0.05444444444444444,0.07333333333333333,ok
linear,1.0,0.05,2,causal_forest,rf,additive,0.0,0.3660927827871935,0.9227777777777778,0.0076142131979695426,0.1143074871020518,0.0016666666666666668,0.07555555555555556,0.07722222222222222,ok
linear,1.0,0.05,2,causal_forest,rf,additive,0.05,0.3661052013208742,0.9277777777777778,-0.0025380710659898475,0.11436593292408863,-0.0005555555555555556,0.07277777777777777,0.07222222222222222,ok
linear,1.0,0.05,2,causal_forest,rf,additive,0.1,0.3660854165864522,0.9305555555555556,0.0,0.1730394569447101,0.0,0.06944444444444445,0.06944444444444445,ok
linear,1.0,0.05,2,causal_forest,rf,additive,0.2,0.36608695735881147,0.9405555555555556,0.017766497461928935,0.29976504828375033,0.0038888888888888888,0.05555555555555555,0.059444444444444446,ok
linear,1.0,0.05,2,causal_forest,rf,additive,0.5,0.36608672542002485,0.9572222222222222,-0.012690355329949238,0.46101662517498976,-0.002777777777777778,0.04555555555555556,0.042777777777777776,ok
linear,1.0,0.05,2,causal_forest,rf,additive,1.0,0.36609355290699735,0.9666666666666667,-0.017766497461928935,0.5937390336182157,-0.0038888888888888888,0.03722222222222222,0.03333333333333333,ok
linear,1.0,0.05,2,causal_forest,rf,multiplicative,,0.36609658589956445,0.9227777777777778,0.01015228426395939,0.1181819465164649,0.0022222222222222222,0.075,0.07722222222222222,ok
linear,1.0,0.05,2,rlearner,lr,additive,0.0,0.36463361846995757,0.9127777777777778,0.06345177664974619,1.0806027876144693,0.013888888888888888,0.07333333333333333,0.08722222222222223,ok
linear,1.0,0.05,2,rlearner,lr,additive,0.05,0.36463361846995757,0.9244444444444444,0.050761421319796954,1.2240508039146794,0.011111111111111112,0.06444444444444444,0.07555555555555556,ok
linear,1.0,0.05,2,rlearner,lr,additive,0.1,0.36463361846995757,0.9333333333333333,0.05583756345177665,1.3696372934669436,0.012222222222222223,0.05444444444444444,0.06666666666666667,ok
linear,1.0,0.05,2,rlearner,lr,additive,0.2,0.36463361846995757,0.9477777777777778,0.050761421319796954,1.5314497149355055,0.011111111111111112,0.04111111111111111,0.052222222222222225,ok
linear,1.0,0.05,2,rlearner,lr,additive,0.5,0.36463361846995757,0.9616666666666667,0.03807106598984772,1.4470667932443093,0.008333333333333333,0.03,0.03833333333333333,ok
linear,1.0,0.05,2,rlearner,lr,additive,1.0,0.36463361846995757,0.9733333333333334,0.017766497461928935,1.3110038004075775,0.0038888888888888888,0.02277777777777778,0.02666666666666667,ok
linear,1.0,0.05,2,rlearner,lr,multiplicative,,0.36463361846995757,0.9172222222222223,0.05837563451776649,1.092454083485238,0.012777777777777779,0.07,0.08277777777777778,ok
linear,1.0,0.05,2,tlearner,rf,additive,0.0,0.36532170243336975,0.9105555555555556,0.09644670050761421,0.91986814097973,0.021111111111111112,0.06833333333333333,0.08944444444444444,ok
linear,1.0,0.05,2,tlearner,rf,additive,0.05,0.36532170243336975,0.9172222222222223,0.07106598984771574,0.8666374864288179,0.015555555555555555,0.06722222222222222,0.08277777777777778,ok
linear,1.0,0.05,2,tlearner,rf,additive,0.1,0.36532170243336975,0.9216666666666666,0.05837563451776649,0.76741934807884,0.012777777777777779,0.06555555555555556,0.07833333333333334,ok
linear,1.0,0.05,2,tlearner,rf,additive,0.2,0.36532170243336975,0.9344444444444444,0.02284263959390863,0.6001387640348432,0.005,0.06055555555555556,0.06555555555555556,ok
linear,1.0,0.05,2,tlearner,rf,additive,0.5,0.36532170243336975,0.9472222222222222,0.025380710659898477,0.5405627577343911,0.005555555555555556,0.04722222222222222,0.05277777777777778,ok
linear,1.0,0.05,2,tlearner,rf,additive,1.0,0.36532170243336975,0.9627777777777777,-0.0025380710659898475,0.5204649907177868,-0.0005555555555555556,0.03777777777777778,0.03722222222222222,ok
linear,1.0,0.05,2,tlearner,rf,multiplicative,,0.36532170243336975,0.9133333333333333,0.08629441624365482,0.8764625538490715,0.01888888888888889,0.06777777777777778,0.08666666666666667,ok
linear,2.0,0.05,0,causal_forest,rf,additive,0.0,0.35467380013314875,0.9227777777777778,0.0646900269541779,0.0839735257618,0.013333333333333334,0.06388888888888888,0.07722222222222222,ok
linear,2.0,0.05,0,causal_forest,rf,additive,0.05,0.3546753705863341,0.9266666666666666,0.0646900269541779,0.0866175202702579,0.013333333333333334,0.06,0.07333333333333333,ok
linear,2.0,0.05,0,causal_forest,rf,additive,0.1,0.35468339171091345,0.9327777777777778,0.05121293800539084,0.09512012100879363,0.010555555555555556,0.056666666666666664,0.06722222222222222,ok
linear,2.0,0.05,0,causal_forest,rf,additive,0.2,0.3546836800029778,0.9383333333333334,0.05929919137466308,0.12642702732091585,0.012222222222222223,0.049444444444444444,0.06166666666666667,ok
linear,2.0,0.05,0,causal_forest,rf,additive,0.5,0.3546808075027072,0.9494444444444444,0.04582210242587601,0.21607352217792924,0.009444444444444445,0.04111111111111111,0.050555555555555555,ok
linear,2.0,0.05,0,causal_forest,rf,additive,1.0,0.3546706059581313,0.9611111111111111,0.021563342318059297,0.26923804721127215,0.0044444444444444444,0.034444444444444444,0.03888888888888889,ok
linear,2.0,0.05,0,causal_forest,rf,multiplicative,,0.35467030869689165,0.9238888888888889,0.06199460916442048,0.08395881623614675,0.012777777777777779,0.06333333333333334,0.07611111111111112,ok
linear,2.0,0.05,0,rlearner,lr,additive,0.0,0.3544337529212119,0.9005555555555556,0.12398921832884097,0.29820220805548786,0.025555555555555557,0.07388888888888889,0.09944444444444445,ok
linear,2.0,0.05,0,rlearner,lr,additive,0.05,0.3544337529212119,0.9,0.14285714285714288,0.31159312712771936,0.029444444444444443,0.07055555555555555,0.1,ok
linear,2.0,0.05,0,rlearner,lr,additive,0.1,0.3544337529212119,0.9066666666666666,0.1347708894878706,0.3300451852303062,0.027777777777777776,0.06555555555555556,0.09333333333333334,ok
linear,2.0,0.05,0,rlearner,lr,additive,0.2,0.3544337529212119,0.9161111111111111,0.11320754716981132,0.37462658247050834,0.023333333333333334,0.06055555555555556,0.08388888888888889,ok
linear,2.0,0.05,0,rlearner,lr,additive,0.5,0.3544337529212119,0.9316666666666666,0.1293800539083558,0.48226813451307465,0.02666666666666667,0.041666666666666664,0.06833333333333333,ok
linear,2.0,0.05,0,rlearner,lr,additive,1.0,0.3544337529212119,0.9527777777777777,0.07008086253369272,0.5525949172783815,0.014444444444444444,0.03277777777777778,0.04722222222222222,ok
linear,2.0,0.05,0,rlearner,lr,multiplicative,,0.3544337529212119,0.9011111111111111,0.1266846361185984,0.3034493652007301,0.026111111111111113,0.07277777777777777,0.09888888888888889,ok
linear,2.0,0.05,0,tlearner,rf,additive,0.0,0.3546926849693113,0.9138888888888889,0.09973045822102425,0.32149837282393134,0.020555555555555556,0.06555555555555556,0.08611111111111111,ok
linear,2.0,0.05,0,tlearner,rf,additive,0.05,0.3546926849693113,0.9177777777777778,0.0835579514824798,0.31642454378093665,0.017222222222222222,0.065,0.08222222222222222,ok
linear,2.0,0.05,0,tlearner,rf,additive,0.1,0.3546926849693113,0.9216666666666666,0.0835579514824798,0.31217755614359094,0.017222222222222222,0.06111111111111111,0.07833333333333334,ok
linear,2.0,0.05,0,tlearner,rf,additive,0.2,0.3546926849693113,0.9283333333333333,0.07547169811320754,0.3047274306510819,0.015555555555555555,0.05611111111111111,0.07166666666666667,ok
linear,2.0,0.05,0,tlearner,rf,additive,0.5,0.3546926849693113,0.9411111111111111,0.043126684636118594,0.2837396672722783,0.008888888888888889,0.05,0.058888888888888886,ok
linear,2.0,0.05,0,tlearner,rf,additive,1.0,0.3546926849693113,0.9516666666666667,0.03773584905660377,0.27484910896462,0.0077777777777777776,0.04055555555555555,0.04833333333333333,ok
linear,2.0,0.05,0,tlearner,rf,multiplicative,,0.3546926849693113,0.915,0.09433962264150944,0.3158833154034443,0.019444444444444445,0.06555555555555556,0.085,ok
linear,2.0,0.05,1,causal_forest,rf,additive,0.0,0.337994199219534,0.9283333333333333,0.05929919137466308,-0.21338642988116407,0.012222222222222223,0.059444444444444446,0.07166666666666667,ok
linear,2.0,0.05,1,causal_forest,rf,additive,0.05,0.33799874889164006,0.9316666666666666,0.04043126684636119,-0.17453834070499727,0.008333333333333333,0.06,0.06833333333333333,ok
linear,2.0,0.05,1,causal_forest,rf,additive,0.1,0.337983820996506,0.9316666666666666,0.04582210242587601,-0.14520196755229073,0.009444444444444445,0.058888888888888886,0.06833333333333333,ok
linear,2.0,0.05,1,causal_forest,rf,additive,0.2,0.3379799610693203,0.9394444444444444,0.02425876010781671,-0.09422815770896222,0.005,0.05555555555555555,0.06055555555555556,ok
linear,2.0,0.05,1,causal_forest,rf,additive,0.5,0.3379818731330233,0.9422222222222222,0.05929919137466308,0.17815088863101028,0.012222222222222223,0.04555555555555556,0.057777777777777775,ok
linear,2.0,0.05,1,causal_forest,rf,additive,1.0,0.3379899099755057,0.9427777777777778,0.0889487870619946,0.5030599623620078,0.018333333333333333,0.03888888888888889,0.05722222222222222,ok
linear,2.0,0.05,1,causal_forest,rf,multiplicative,,0.33798934350358467,0.9294444444444444,0.05390835579514825,-0.24132098157282933,0.011111111111111112,0.059444444444444446,0.07055555555555555,ok
linear,2.0,0.05,1,rlearner,lr,additive,0.0,0.3365045072063433,0.9216666666666666,0.0889487870619946,0.0662241809780743,0.018333333333333333,0.06,0.07833333333333334,ok
linear,2.0,0.05,1,rlearner,lr,additive,0.05,0.3365045072063433,0.9227777777777778,0.0889487870619946,0.03939545632325948,0.018333333333333333,0.058888888888888886,0.07722222222222222,ok
linear,2.0,0.05,1,rlearner,lr,additive,0.1,0.3365045072063433,0.9255555555555556,0.09164420485175202,0.03253900008313729,0.01888888888888889,0.05555555555555555,0.07444444444444444,ok
linear,2.0,0.05,1,rlearner,lr,additive,0.2,0.3365045072063433,0.9294444444444444,0.0889487870619946,0.0665967073014884,0.018333333333333333,0.052222222222222225,0.07055555555555555,ok
linear,2.0,0.05,1,rlearner,lr,additive,0.5,0.3365045072063433,0.9466666666666667,0.07547169811320754,0.26608132205870755,0.015555555555555555,0.03777777777777778,0.05333333333333334,ok
linear,2.0,0.05,1,rlearner,lr,additive,1.0,0.3365045072063433,0.955,0.07547169811320754,0.4319890987716682,0.015555555555555555,0.029444444444444443,0.045,ok
linear,2.0,0.05,1,rlearner,lr,multiplicative,,0.3365045072063433,0.9216666666666666,0.09164420485175202,0.07633693512954313,0.01888888888888889,0.059444444444444446,0.07833333333333334,ok
linear,2.0,0.05,1,tlearner,rf,additive,0.0,0.337972144788515,0.9272222222222222,0.05929919137466308,0.16631128771490192,0.012222222222222223,0.06055555555555556,0.07277777777777777,ok
linear,2.0,0.05,1,tlearner,rf,additive,0.05,0.337972144788515,0.9294444444444444,0.05929919137466308,0.20410903100501876,0.012222222222222223,0.058333333333333334,0.07055555555555555,ok
linear,2.0,0.05,1,tlearner,rf,additive,0.1,0.337972144788515,0.9322222222222222,0.05929919137466308,0.25184372600236526,0.012222222222222223,0.05555555555555555,0.06777777777777778,ok
linear,2.0,0.05,1,tlearner,rf,additive,0.2,0.337972144788515,0.9344444444444444,0.05929919137466308,0.3333494536119467,0.012222222222222223,0.05333333333333334,0.06555555555555556,ok
linear,2.0,0.05,1,tlearner,rf,additive,0.5,0.337972144788515,0.9394444444444444,0.07547169811320754,0.4832131121644572,0.015555555555555555,0.045,0.06055555555555556,ok
linear,2.0,0.05,1,tlearner,rf,additive,1.0,0.337972144788515,0.9411111111111111,0.09703504043126684,0.6454272739260076,0.02,0.03888888888888889,0.058888888888888886,ok
linear,2.0,0.05,1,tlearner,rf,multiplicative,,0.337972144788515,0.9272222222222222,0.06199460916442048,0.16653323341935872,0.012777777777777779,0.06,0.07277777777777777,ok
linear,2.0,0.05,2,causal_forest,rf,additive,0.0,0.36657774809207466,0.9333333333333333,-0.027918781725888325,-0.03501867598451705,-0.006111111111111111,0.07277777777777777,0.06666666666666667,ok
linear,2.0,0.05,2,causal_forest,rf,additive,0.05,0.36657444995762645,0.9355555555555556,-0.027918781725888325,0.03499314215050902,-0.006111111111111111,0.07055555555555555,0.06444444444444444,ok
linear,2.0,0.05,2,causal_forest,rf,additive,0.1,0.3665796278666051,0.94,-0.03807106598984772,0.09169302742997963,-0.008333333333333333,0.06833333333333333,0.06,ok
linear,2.0,0.05,2,causal_forest,rf,additive,0.2,0.3665817993128993,0.9461111111111111,-0.02284263959390863,0.14687199588688712,-0.005,0.058888888888888886,0.05388888888888889,ok
linear,2.0,0.05,2,causal_forest,rf,additive,0.5,0.3665738399145396,0.9583333333333334,-0.005076142131979695,0.21951056968012808,-0.0011111111111111111,0.042777777777777776,0.041666666666666664,ok
linear,2.0,0.05,2,causal_forest,rf,additive,1.0,0.36657804164401686,0.9638888888888889,0.02030456852791878,0.37777192963866907,0.0044444444444444444,0.03166666666666667,0.03611111111111111,ok
linear,2.0,0.05,2,causal_forest,rf,multiplicative,,0.36658682291383365,0.9344444444444444,-0.03299492385786802,-0.027545923662975726,-0.007222222222222222,0.07277777777777777,0.06555555555555556,ok
linear,2.0,0.05,2,rlearner,lr,additive,0.0,0.3644870671305762,0.9311111111111111,0.07614213197969544,1.029797800409666,0.016666666666666666,0.052222222222222225,0.06888888888888889,ok
linear,2.0,0.05,2,rlearner,lr,additive,0.05,0.3644870671305762,0.9394444444444444,0.07614213197969544,1.1059870364498212,0.016666666666666666,0.04388888888888889,0.06055555555555556,ok
linear,2.0,0.05,2,rlearner,lr,additive,0.1,0.3644870671305762,0.9466666666666667,0.06852791878172589,1.171581637296167,0.015,0.03833333333333333,0.05333333333333334,ok
linear,2.0,0.05,2,rlearner,lr,additive,0.2,0.3644870671305762,0.9533333333333334,0.06345177664974619,1.2371971587155655,0.013888888888888888,0.03277777777777778,0.04666666666666667,ok
linear,2.0,0.05,2,rlearner,lr,additive,0.5,0.3644870671305762,0.9622222222222222,0.04568527918781726,1.2017514820796273,0.01,0.027777777777777776,0.03777777777777778,ok
linear,2.0,0.05,2,rlearner,lr,additive,1.0,0.3644870671305762,0.9705555555555555,0.03045685279187817,1.1337594543206897,0.006666666666666667,0.02277777777777778,0.029444444444444443,ok
linear,2.0,0.05,2,rlearner,lr,multiplicative,,0.3644870671305762,0.935,0.07106598984771574,1.0018441280296948,0.015555555555555555,0.049444444444444444,0.065,ok
linear,2.0,0.05,2,tlearner,rf,additive,0.0,0.3660091461783769,0.9216666666666666,0.02030456852791878,1.118014882291446,0.0044444444444444444,0.07388888888888889,0.07833333333333334,ok
linear,2.0,0.05,2,tlearner,rf,additive,0.05,0.36600914617837693,0.925,0.025380710659898477,1.0590495786819702,0.005555555555555556,0.06944444444444445,0.075,ok
linear,2.0,0.05,2,tlearner,rf,additive,0.1,0.3660091461783769,0.9266666666666666,0.027918781725888325,0.9935105291505777,0.006111111111111111,0.06722222222222222,0.07333333333333333,ok
linear,2.0,0.05,2,tlearner,rf,additive,0.2,0.36600914617837693,0.9355555555555556,0.015228426395939085,0.8028434594388713,0.0033333333333333335,0.06111111111111111,0.06444444444444444,ok
linear,2.0,0.05,2,tlearner,rf,additive,0.5,0.3660091461783769,0.9505555555555556,-0.015228426395939085,0.38544048016289495,-0.0033333333333333335,0.05277777777777778,0.049444444444444444,ok
linear,2.0,0.05,2,tlearner,rf,additive,1.0,0.36600914617837693,0.9622222222222222,0.0,0.2456810802925986,0.0,0.03777777777777778,0.03777777777777778,ok
linear,2.0,0.05,2,tlearner,rf,multiplicative,,0.36600914617837693,0.9238888888888889,0.015228426395939085,1.088710924189777,0.0033333333333333335,0.07277777777777777,0.07611111111111112,ok
nonlinear,0.0,0.05,0,causal_forest,rf,additive,0.0,0.35587116845028527,0.9205555555555556,0.0374331550802139,2.3454356638515246,0.0077777777777777776,0.07166666666666667,0.07944444444444444,ok
nonlinear,0.0,0.05,0,causal_forest,rf,additive,0.05,0.3558738331754252,0.9255555555555556,0.0374331550802139,2.1814814421579793,0.0077777777777777776,0.06666666666666667,0.07444444444444444,ok
nonlinear,0.0,0.05,0,causal_forest,rf,additive,0.1,0.3558684628645292,0.9327777777777778,0.00802139037433155,2.0882089461401536,0.0016666666666666668,0.06555555555555556,0.06722222222222222,ok
nonlinear,0.0,0.05,0,causal_forest,rf,additive,0.2,0.35587108791318783,0.9394444444444444,0.0,1.9243602282251977,0.0,0.06055555555555556,0.06055555555555556,ok
nonlinear,0.0,0.05,0,causal_forest,rf,additive,0.5,0.35587379829782284,0.9511111111111111,0.00267379679144385,1.0006570421863112,0.0005555555555555556,0.04833333333333333,0.04888888888888889,ok
nonlinear,0.0,0.05,0,causal_forest,rf,additive,1.0,0.3558675517431026,0.9622222222222222,0.00267379679144385,0.33029480644699505,0.0005555555555555556,0.03722222222222222,0.03777777777777778,ok
nonlinear,0.0,0.05,0,causal_forest,rf,multiplicative,,0.3558602493347687,0.9227777777777778,0.0374331550802139,2.321517180134567,0.0077777777777777776,0.06944444444444445,0.07722222222222222,ok
nonlinear,0.0,0.05,0,rlearner,lr,additive,0.0,0.3556376561016968,0.9038888888888889,-0.01871657754010695,-0.5334450224409635,-0.0038888888888888888,0.1,0.0961111111111111,ok
nonlinear,0.0,0.05,0,rlearner,lr,additive,0.05,0.3556376561016968,0.9072222222222223,0.02406417112299465,-0.2109265719335132,0.005,0.08777777777777777,0.09277777777777778,ok
nonlinear,0.0,0.05,0,rlearner,lr,additive,0.1,0.3556376561016968,0.9216666666666666,0.0213903743315508,0.2571075409062886,0.0044444444444444444,0.07388888888888889,0.07833333333333334,ok
nonlinear,0.0,0.05,0,rlearner,lr,additive,0.2,0.3556376561016968,0.945,0.029411764705882353,0.9405683057130216,0.006111111111111111,0.04888888888888889,0.055,ok
nonlinear,0.0,0.05,0,rlearner,lr,additive,0.5,0.3556376561016968,0.9677777777777777,0.0106951871657754,2.040332053786469,0.0022222222222222222,0.03,0.03222222222222222,ok
nonlinear,0.0,0.05,0,rlearner,lr,additive,1.0,0.3556376561016968,0.9761111111111112,-0.029411764705882353,1.6202235795662283,-0.006111111111111111,0.03,0.02388888888888889,ok
nonlinear,0.0,0.05,0,rlearner,lr,multiplicative,,0.3556376561016968,0.9044444444444445,-0.0106951871657754,-0.44705252947497476,-0.0022222222222222222,0.09777777777777778,0.09555555555555556,ok
nonlinear,0.0,0.05,0,tlearner,rf,additive,0.0,0.35705784322534306,0.9238888888888889,-0.02406417112299465,1.1416105112971926,-0.005,0.0811111111111111,0.07611111111111112,ok
nonlinear,0.0,0.05,0,tlearner,rf,additive,0.05,0.35705784322534306,0.9233333333333333,-0.0106951871657754,1.171169304941071,-0.0022222222222222222,0.07888888888888888,0.07666666666666666,ok
nonlinear,0.0,0.05,0,tlearner,rf,additive,0.1,0.35705784322534306,0.925,0.00267379679144385,1.153433126102036,0.0005555555555555556,0.07444444444444444,0.075,ok
nonlinear,0.0,0.05,0,tlearner,rf,additive,0.2,0.35705784322534306,0.9327777777777778,-0.00802139037433155,0.8992575918618361,-0.0016666666666666668,0.06888888888888889,0.06722222222222222,ok
nonlinear,0.0,0.05,0,tlearner,rf,additive,0.5,0.35705784322534306,0.9461111111111111,-0.013368983957219251,-0.18849761483407845,-0.002777777777777778,0.056666666666666664,0.05388888888888889,ok
nonlinear,0.0,0.05,0,tlearner,rf,additive,1.0,0.35705784322534306,0.9566666666666667,-0.02406417112299465,-0.4486744849813175,-0.005,0.04833333333333333,0.043333333333333335,ok
nonlinear,0.0,0.05,0,tlearner,rf,multiplicative,,0.35705784322534306,0.9216666666666666,0.0,1.081653602652213,0.0,0.07833333333333334,0.07833333333333334,ok
nonlinear,0.0,0.05,1,causal_forest,rf,additive,0.0,0.33493049546635917,0.945,0.02793296089385475,0.14112638140365963,0.005555555555555556,0.049444444444444444,0.055,ok
nonlinear,0.0,0.05,1,causal_forest,rf,additive,0.05,0.3349314001038504,0.9477777777777778,0.019553072625698324,0.18850176967255425,0.0038888888888888888,0.04833333333333333,0.052222222222222225,ok
nonlinear,0.0,0.05,1,causal_forest,rf,additive,0.1,0.33493775167804524,0.9461111111111111,0.04469273743016759,0.212648591214885,0.008888888888888889,0.045,0.05388888888888889,ok
nonlinear,0.0,0.05,1,causal_forest,rf,additive,0.2,0.3349297738624586,0.9477777777777778,0.03910614525139665,0.26290315390813285,0.0077777777777777776,0.044444444444444446,0.052222222222222225,ok
nonlinear,0.0,0.05,1,causal_forest,rf,additive,0.5,0.3349289288018803,0.95,0.06145251396648045,0.41696361990347997,0.012222222222222223,0.03777777777777778,0.05,ok
nonlinear,0.0,0.05,1,causal_forest,rf,additive,1.0,0.3349288005717968,0.9533333333333334,0.06145251396648045,0.44670799981348375,0.012222222222222223,0.034444444444444444,0.04666666666666667,ok
nonlinear,0.0,0.05,1,causal_forest,rf,multiplicative,,0.3349331382850762,0.9455555555555556,0.022346368715083796,0.135309920044499,0.0044444444444444444,0.05,0.05444444444444444,ok
nonlinear,0.0,0.05,1,rlearner,lr,additive,0.0,0.3341422765670226,0.9611111111111111,-0.0027932960893854745,0.30079176647524447,-0.0005555555555555556,0.03944444444444444,0.03888888888888889,ok
nonlinear,0.0,0.05,1,rlearner,lr,additive,0.05,0.3341422765670226,0.96,0.013966480446927375,0.3169884243534797,0.002777777777777778,0.03722222222222222,0.04,ok
nonlinear,0.0,0.05,1,rlearner,lr,additive,0.1,0.3341422765670226,0.9622222222222222,0.019553072625698324,0.33800023540368146,0.0038888888888888888,0.03388888888888889,0.03777777777777778,ok
nonlinear,0.0,0.05,1,rlearner,lr,additive,0.2,0.3341422765670226,0.9627777777777777,0.04469273743016759,0.38563729092788784,0.008888888888888889,0.028333333333333332,0.03722222222222222,ok
nonlinear,0.0,0.05,1,rlearner,lr,additive,0.5,0.3341422765670226,0.9677777777777777,0.04189944134078213,0.5117261914774568,0.008333333333333333,0.02388888888888889,0.03222222222222222,ok
nonlinear,0.0,0.05,1,rlearner,lr,additive,1.0,0.3341422765670226,0.9694444444444444,0.0558659217877095,0.5791718148044356,0.011111111111111112,0.019444444444444445,0.030555555555555555,ok
nonlinear,0.0,0.05,1,rlearner,lr,multiplicative,,0.3341422765670226,0.9616666666666667,-0.005586592178770949,0.29539516577500263,-0.0011111111111111111,0.03944444444444444,0.03833333333333333,ok
nonlinear,0.0,0.05,1,tlearner,rf,additive,0.0,0.3358744475596895,0.9405555555555556,-0.019553072625698324,-0.4070090935255746,-0.0038888888888888888,0.06333333333333334,0.059444444444444446,ok
nonlinear,0.0,0.05,1,tlearner,rf,additive,0.05,0.3358744475596895,0.9422222222222222,-0.019553072625698324,-0.3824663282380528,-0.0038888888888888888,0.06166666666666667,0.057777777777777775,ok
nonlinear,0.0,0.05,1,tlearner,rf,additive,0.1,0.3358744475596895,0.9461111111111111,-0.02793296089385475,-0.3753194331314338,-0.005555555555555556,0.059444444444444446,0.05388888888888889,ok
nonlinear,0.0,0.05,1,tlearner,rf,additive,0.2,0.3358744475596895,0.945,-0.013966480446927375,-0.37555089883814646,-0.002777777777777778,0.057777777777777775,0.055,ok
nonlinear,0.0,0.05,1,tlearner,rf,additive,0.5,0.3358744475596895,0.9511111111111111,0.008379888268156424,-0.3092714946978783,0.0016666666666666668,0.04722222222222222,0.04888888888888889,ok
nonlinear,0.0,0.05,1,tlearner,rf,additive,1.0,0.3358744475596895,0.9577777777777777,0.019553072625698324,-0.023587970107844712,0.0038888888888888888,0.03833333333333333,0.042222222222222223,ok
nonlinear,0.0,0.05,1,tlearner,rf,multiplicative,,0.3358744475596895,0.9422222222222222,-0.02513966480446927,-0.41604737834035344,-0.005,0.06277777777777778,0.057777777777777775,ok
nonlinear,0.0,0.05,2,causal_forest,rf,additive,0.0,0.3703582176575683,0.9366666666666666,-0.038186157517899756,-2.655720398432344,-0.008888888888888889,0.07222222222222222,0.06333333333333334,ok
nonlinear,0.0,0.05,2,causal_forest,rf,additive,0.05,0.37034337282874236,0.9422222222222222,-0.02863961813842482,-2.686541777540229,-0.006666666666666667,0.06444444444444444,0.057777777777777775,ok
nonlinear,0.0,0.05,2,causal_forest,rf,additive,0.1,0.3703429891289898,0.9444444444444444,-0.01431980906921241,-2.5092949198119125,-0.0033333333333333335,0.058888888888888886,0.05555555555555555,ok
nonlinear,0.0,0.05,2,causal_forest,rf,additive,0.2,0.3703383443372922,0.9538888888888889,-0.02386634844868735,-2.088391689769471,-0.005555555555555556,0.051666666666666666,0.04611111111111111,ok
nonlinear,0.0,0.05,2,causal_forest,rf,additive,0.5,0.3703374578542348,0.9644444444444444,-0.026252983293556086,-1.4258573488634882,-0.006111111111111111,0.041666666666666664,0.035555555555555556,ok
nonlinear,0.0,0.05,2,causal_forest,rf,additive,1.0,0.370350521153966,0.9694444444444444,-0.021479713603818614,-0.8951629891653651,-0.005,0.035555555555555556,0.030555555555555555,ok
nonlinear,0.0,0.05,2,causal_forest,rf,multiplicative,,0.37033629954459985,0.9372222222222222,-0.03341288782816229,-2.516040211544704,-0.0077777777777777776,0.07055555555555555,0.06277777777777778,ok
nonlinear,0.0,0.05,2,rlearner,lr,additive,0.0,0.369369966297978,0.9422222222222222,0.0477326968973747,-1.0014247628194222,0.011111111111111112,0.04666666666666667,0.057777777777777775,ok
nonlinear,0.0,0.05,2,rlearner,lr,additive,0.05,0.369369966297978,0.9544444444444444,0.03341288782816229,-0.6933660284187454,0.0077777777777777776,0.03777777777777778,0.04555555555555556,ok
nonlinear,0.0,0.05,2,rlearner,lr,additive,0.1,0.369369966297978,0.9644444444444444,0.019093078758949878,-0.14053112753444108,0.0044444444444444444,0.03111111111111111,0.035555555555555556,ok
nonlinear,0.0,0.05,2,rlearner,lr,additive,0.2,0.369369966297978,0.97,0.01431980906921241,0.5148772203816752,0.0033333333333333335,0.02666666666666667,0.03,ok
nonlinear,0.0,0.05,2,rlearner,lr,additive,0.5,0.369369966297978,0.9755555555555555,0.016706443914081145,1.0044879561457258,0.0038888888888888888,0.020555555555555556,0.024444444444444446,ok
nonlinear,0.0,0.05,2,rlearner,lr,additive,1.0,0.369369966297978,0.9794444444444445,0.009546539379474939,1.2527005932978708,0.0022222222222222222,0.018333333333333333,0.020555555555555556,ok
nonlinear,0.0,0.05,2,rlearner,lr,multiplicative,,0.369369966297978,0.9472222222222222,0.02863961813842482,-0.9265481958901534,0.006666666666666667,0.04611111111111111,0.05277777777777778,ok
nonlinear,0.0,0.05,2,tlearner,rf,additive,0.0,0.3702281713012829,0.9172222222222223,0.06682577565632458,-0.4022332213248476,0.015555555555555555,0.06722222222222222,0.08277777777777778,ok
nonlinear,0.0,0.05,2,tlearner,rf,additive,0.05,0.3702281713012829,0.9227777777777778,0.06205250596658711,-0.3014674112869406,0.014444444444444444,0.06277777777777778,0.07722222222222222,ok
nonlinear,0.0,0.05,2,tlearner,rf,additive,0.1,0.3702281713012829,0.9277777777777778,0.06205250596658711,-0.20195825713944998,0.014444444444444444,0.057777777777777775,0.07222222222222222,ok
nonlinear,0.0,0.05,2,tlearner,rf,additive,0.2,0.3702281713012829,0.9388888888888889,0.03579952267303103,-0.08229711988665397,0.008333333333333333,0.05277777777777778,0.06111111111111111,ok
nonlinear,0.0,0.05,2,tlearner,rf,additive,0.5,0.3702281713012828,0.9544444444444444,0.01431980906921241,-0.1813763691507132,0.0033333333333333335,0.042222222222222223,0.04555555555555556,ok
nonlinear,0.0,0.05,2,tlearner,rf,additive,1.0,0.3702281713012828,0.9633333333333334,0.0023866348448687348,-0.4123911796257725,0.0005555555555555556,0.03611111111111111,0.03666666666666667,ok
nonlinear,0.0,0.05,2,tlearner,rf,multiplicative,,0.3702281713012829,0.9194444444444444,0.06921241050119331,-0.3472675765578219,0.01611111111111111,0.06444444444444444,0.08055555555555556,ok
nonlinear,1.0,0.05,0,causal_forest,rf,additive,0.0,0.3559692949073228,0.9305555555555556,0.02406417112299465,-0.06210805536334604,0.005,0.06444444444444444,0.06944444444444445,ok
nonlinear,1.0,0.05,0,causal_forest,rf,additive,0.05,0.3559816361522817,0.9355555555555556,0.0,-0.03682806424207022,0.0,0.06444444444444444,0.06444444444444444,ok
nonlinear,1.0,0.05,0,causal_forest,rf,additive,0.1,0.35598248405130806,0.9372222222222222,0.026737967914438502,0.008299794850019021,0.005555555555555556,0.05722222222222222,0.06277777777777778,ok
nonlinear,1.0,0.05,0,causal_forest,rf,additive,0.2,0.3559758116083306,0.945,0.00802139037433155,0.10758414124692992,0.0016666666666666668,0.05333333333333334,0.055,ok
nonlinear,1.0,0.05,0,causal_forest,rf,additive,0.5,0.35596979990500754,0.9522222222222222,0.00802139037433155,0.3225701137094641,0.0016666666666666668,0.04611111111111111,0.04777777777777778,ok
nonlinear,1.0,0.05,0,causal_forest,rf,additive,1.0,0.3559847834518433,0.9611111111111111,-0.0213903743315508,0.41632028679348726,-0.0044444444444444444,0.043333333333333335,0.03888888888888889,ok
nonlinear,1.0,0.05,0,causal_forest,rf,multiplicative,,0.3559906527347701,0.9333333333333333,0.0106951871657754,-0.07216494508738053,0.0022222222222222222,0.06444444444444444,0.06666666666666667,ok
nonlinear,1.0,0.05,0,rlearner,lr,additive,0.0,0.35569489781322366,0.9166666666666666,0.0481283422459893,0.370946904853114,0.01,0.07333333333333333,0.08333333333333333,ok
nonlinear,1.0,0.05,0,rlearner,lr,additive,0.05,0.35569489781322366,0.9283333333333333,0.040106951871657755,0.36823282973417376,0.008333333333333333,0.06333333333333334,0.07166666666666667,ok
nonlinear,1.0,0.05,0,rlearner,lr,additive,0.1,0.35569489781322366,0.9372222222222222,0.0160427807486631,0.3738394560502201,0.0033333333333333335,0.059444444444444446,0.06277777777777778,ok
nonlinear,1.0,0.05,0,rlearner,lr,additive,0.2,0.35569489781322366,0.9472222222222222,0.026737967914438502,0.3985673387962495,0.005555555555555556,0.04722222222222222,0.05277777777777778,ok
nonlinear,1.0,0.05,0,rlearner,lr,additive,0.5,0.35569489781322366,0.9616666666666667,0.013368983957219251,0.5691643083419731,0.002777777777777778,0.035555555555555556,0.03833333333333333,ok
nonlinear,1.0,0.05,0,rlearner,lr,additive,1.0,0.35569489781322366,0.965,0.01871657754010695,0.6396016038014511,0.0038888888888888888,0.03111111111111111,0.035,ok
nonlinear,1.0,0.05,0,rlearner,lr,multiplicative,,0.35569489781322366,0.92,0.06149732620320855,0.3678115647866029,0.012777777777777779,0.06722222222222222,0.08,ok
nonlinear,1.0,0.05,0,tlearner,rf,additive,0.0,0.3563472323083346,0.9266666666666666,-0.0106951871657754,0.29736684386544704,-0.0022222222222222222,0.07555555555555556,0.07333333333333333,ok
nonlinear,1.0,0.05,0,tlearner,rf,additive,0.05,0.3563472323083346,0.9266666666666666,0.0053475935828877,0.2902406337871001,0.0011111111111111111,0.07222222222222222,0.07333333333333333,ok
nonlinear,1.0,0.05,0,tlearner,rf,additive,0.1,0.3563472323083346,0.93,0.0053475935828877,0.28251048911529597,0.0011111111111111111,0.06888888888888889,0.07,ok
nonlinear,1.0,0.05,0,tlearner,rf,additive,0.2,0.3563472323083346,0.9338888888888889,0.00267379679144385,0.2732395143395841,0.0005555555555555556,0.06555555555555556,0.0661111111111111,ok
nonlinear,1.0,0.05,0,tlearner,rf,additive,0.5,0.3563472323083346,0.9444444444444444,0.013368983957219251,0.31244585123253504,0.002777777777777778,0.05277777777777778,0.05555555555555555,ok
nonlinear,1.0,0.05,0,tlearner,rf,additive,1.0,0.3563472323083346,0.9572222222222222,0.0,0.42799040338882843,0.0,0.042777777777777776,0.042777777777777776,ok
nonlinear,1.0,0.05,0,tlearner,rf,multiplicative,,0.3563472323083346,0.9261111111111111,-0.00267379679144385,0.29220955567225204,-0.0005555555555555556,0.07444444444444444,0.07388888888888889,ok
nonlinear,1.0,0.05,1,causal_forest,rf,additive,0.0,0.33501412660787194,0.9416666666666667,0.0335195530726257,-0.6278205318422586,0.006666666666666667,0.051666666666666666,0.058333333333333334,ok
nonlinear,1.0,0.05,1,causal_forest,rf,additive,0.05,0.33501128433873956,0.9438888888888889,0.03910614525139665,-0.6019078850439601,0.0077777777777777776,0.04833333333333333,0.05611111111111111,ok
nonlinear,1.0,0.05,1,causal_forest,rf,additive,0.1,0.3350149291143697,0.9466666666666667,0.0335195530726257,-0.5959231451763376,0.006666666666666667,0.04666666666666667,0.05333333333333334,ok
nonlinear,1.0,0.05,1,causal_forest,rf,additive,0.2,0.335008360478207,0.9494444444444444,0.04469273743016759,-0.563559477090272,0.008888888888888889,0.041666666666666664,0.050555555555555555,ok
nonlinear,1.0,0.05,1,causal_forest,rf,additive,0.5,0.3350147485332064,0.9583333333333334,0.030726256983240226,-0.4002990506093876,0.006111111111111111,0.035555555555555556,0.041666666666666664,ok
nonlinear,1.0,0.05,1,causal_forest,rf,additive,1.0,0.3350077201424844,0.9611111111111111,0.03631284916201117,-0.2268026852465069,0.007222222222222222,0.03166666666666667,0.03888888888888889,ok
nonlinear,1.0,0.05,1,causal_forest,rf,multiplicative,,0.3350133973827231,0.9427777777777778,0.03910614525139665,-0.6472360092368129,0.0077777777777777776,0.049444444444444444,0.05722222222222222,ok
nonlinear,1.0,0.05,1,rlearner,lr,additive,0.0,0.3343571631474468,0.9444444444444444,0.05307262569832402,-0.1346841649724719,0.010555555555555556,0.045,0.05555555555555555,ok
nonlinear,1.0,0.05,1,rlearner,lr,additive,0.05,0.3343571631474468,0.9494444444444444,0.03631284916201117,-0.15198717434548709,0.007222222222222222,0.043333333333333335,0.050555555555555555,ok
nonlinear,1.0,0.05,1,rlearner,lr,additive,0.1,0.3343571631474468,0.9522222222222222,0.0335195530726257,-0.18114439299710386,0.006666666666666667,0.04111111111111111,0.04777777777777778,ok
nonlinear,1.0,0.05,1,rlearner,lr,additive,0.2,0.3343571631474468,0.9538888888888889,0.03910614525139665,-0.22815106596487636,0.0077777777777777776,0.03833333333333333,0.04611111111111111,ok
nonlinear,1.0,0.05,1,rlearner,lr,additive,0.5,0.3343571631474468,0.9616666666666667,0.04189944134078213,-0.19146940204810733,0.008333333333333333,0.03,0.03833333333333333,ok
nonlinear,1.0,0.05,1,rlearner,lr,additive,1.0,0.3343571631474468,0.9683333333333334,0.03631284916201117,-0.11692484043992628,0.007222222222222222,0.024444444444444446,0.03166666666666667,ok
nonlinear,1.0,0.05,1,rlearner,lr,multiplicative,,0.3343571631474468,0.945,0.05027932960893854,-0.1736068488487892,0.01,0.045,0.055,ok
nonlinear,1.0,0.05,1,tlearner,rf,additive,0.0,0.33547158004601746,0.9372222222222222,0.01675977653631285,0.25498865866997145,0.0033333333333333335,0.059444444444444446,0.06277777777777778,ok
nonlinear,1.0,0.05,1,tlearner,rf,additive,0.05,0.33547158004601746,0.9422222222222222,0.0,0.22849625811314717,0.0,0.057777777777777775,0.057777777777777775,ok
nonlinear,1.0,0.05,1,tlearner,rf,additive,0.1,0.33547158004601746,0.9466666666666667,-0.013966480446927375,0.18608713922691708,-0.002777777777777778,0.05611111111111111,0.05333333333333334,ok
nonlinear,1.0,0.05,1,tlearner,rf,additive,0.2,0.33547158004601746,0.9494444444444444,-0.008379888268156424,0.0904349006992784,-0.0016666666666666668,0.052222222222222225,0.050555555555555555,ok
nonlinear,1.0,0.05,1,tlearner,rf,additive,0.5,0.33547158004601746,0.9527777777777777,0.03631284916201117,-0.0626138140461309,0.007222222222222222,0.04,0.04722222222222222,ok
nonlinear,1.0,0.05,1,tlearner,rf,additive,1.0,0.33547158004601746,0.9555555555555556,0.06145251396648045,-0.0558170186869258,0.012222222222222223,0.03222222222222222,0.044444444444444446,ok
nonlinear,1.0,0.05,1,tlearner,rf,multiplicative,,0.33547158004601746,0.9383333333333334,0.019553072625698324,0.22746978082548686,0.0038888888888888888,0.057777777777777775,0.06166666666666667,ok
nonlinear,1.0,0.05,2,causal_forest,rf,additive,0.0,0.370939481978601,0.9144444444444444,0.007159904534606205,-0.9147443035790661,0.0016666666666666668,0.08388888888888889,0.08555555555555555,ok
nonlinear,1.0,0.05,2,causal_forest,rf,additive,0.05,0.3709358214346762,0.9205555555555556,0.0047732696897374695,-1.0164581142990343,0.0011111111111111111,0.07833333333333334,0.07944444444444444,ok
nonlinear,1.0,0.05,2,causal_forest,rf,additive,0.1,0.37094492395748446,0.9288888888888889,-0.02386634844868735,-1.1161778727827294,-0.005555555555555556,0.07666666666666666,0.07111111111111111,ok
nonlinear,1.0,0.05,2,causal_forest,rf,additive,0.2,0.3709260794740168,0.9372222222222222,-0.026252983293556086,-1.3503989644096501,-0.006111111111111111,0.06888888888888889,0.06277777777777778,ok
nonlinear,1.0,0.05,2,causal_forest,rf,additive,0.5,0.3709314499415715,0.9511111111111111,0.0,-1.5269580902349873,0.0,0.04888888888888889,0.04888888888888889,ok
nonlinear,1.0,0.05,2,causal_forest,rf,additive,1.0,0.3709303733795451,0.9633333333333334,0.019093078758949878,-1.5441384154532125,0.0044444444444444444,0.03222222222222222,0.03666666666666667,ok
nonlinear,1.0,0.05,2,causal_forest,rf,multiplicative,,0.3709295034479696,0.92,-0.0047732696897374695,-0.9142868340059579,-0.0011111111111111111,0.0811111111111111,0.08,ok
nonlinear,1.0,0.05,2,rlearner,lr,additive,0.0,0.36958761987565386,0.8861111111111111,-0.007159904534606205,-0.02381278689105217,-0.0016666666666666668,0.11555555555555555,0.11388888888888889,ok
nonlinear,1.0,0.05,2,rlearner,lr,additive,0.05,0.36958761987565386,0.9072222222222223,-0.02386634844868735,-0.34093414848138837,-0.005555555555555556,0.09833333333333333,0.09277777777777778,ok
nonlinear,1.0,0.05,2,rlearner,lr,additive,0.1,0.36958761987565386,0.9255555555555556,-0.011933174224343675,-0.8537596062327641,-0.002777777777777778,0.07722222222222222,0.07444444444444444,ok
nonlinear,1.0,0.05,2,rlearner,lr,additive,0.2,0.36958761987565386,0.9472222222222222,-0.0023866348448687348,-1.2059271828503122,-0.0005555555555555556,0.05333333333333334,0.05277777777777778,ok
nonlinear,1.0,0.05,2,rlearner,lr,additive,0.5,0.36958761987565386,0.9644444444444444,0.038186157517899756,-1.0020165511000179,0.008888888888888889,0.02666666666666667,0.035555555555555556,ok
nonlinear,1.0,0.05,2,rlearner,lr,additive,1.0,0.36958761987565386,0.9761111111111112,0.03341288782816229,-0.9395175301250752,0.0077777777777777776,0.01611111111111111,0.02388888888888889,ok
nonlinear,1.0,0.05,2,rlearner,lr,multiplicative,,0.36958761987565386,0.8983333333333333,-0.03341288782816229,-0.16834586272359386,-0.0077777777777777776,0.10944444444444444,0.10166666666666667,ok
nonlinear,1.0,0.05,2,tlearner,rf,additive,0.0,0.37191238745002764,0.9038888888888889,-0.019093078758949878,-0.7994638575485404,-0.0044444444444444444,0.10055555555555555,0.0961111111111111,ok
nonlinear,1.0,0.05,2,tlearner,rf,additive,0.05,0.37191238745002764,0.9072222222222223,-0.016706443914081145,-0.8353336057874955,-0.0038888888888888888,0.09666666666666666,0.09277777777777778,ok
nonlinear,1.0,0.05,2,tlearner,rf,additive,0.1,0.37191238745002764,0.9144444444444444,-0.02863961813842482,-0.8745744649385634,-0.006666666666666667,0.09222222222222222,0.08555555555555555,ok
nonlinear,1.0,0.05,2,tlearner,rf,additive,0.2,0.37191238745002764,0.9205555555555556,-0.011933174224343675,-0.9210318456097228,-0.002777777777777778,0.08222222222222222,0.07944444444444444,ok
nonlinear,1.0,0.05,2,tlearner,rf,additive,0.5,0.37191238745002764,0.9388888888888889,0.009546539379474939,-1.0498749727296013,0.0022222222222222222,0.058888888888888886,0.06111111111111111,ok
nonlinear,1.0,0.05,2,tlearner,rf,additive,1.0,0.37191238745002764,0.955,0.0047732696897374695,-1.354096564775542,0.0011111111111111111,0.04388888888888889,0.045,ok
nonlinear,1.0,0.05,2,tlearner,rf,multiplicative,,0.37191238745002764,0.9066666666666666,-0.021479713603818614,-0.78363887431849,-0.005,0.09833333333333333,0.09333333333333334,ok
nonlinear,2.0,0.05,0,causal_forest,rf,additive,0.0,0.3574173296709724,0.9366666666666666,-0.0855614973262032,-0.196395338030594,-0.017777777777777778,0.0811111111111111,0.06333333333333334,ok
nonlinear,2.0,0.05,0,causal_forest,rf,additive,0.05,0.3574058370821134,0.9366666666666666,-0.07754010695187166,-0.17332699582701871,-0.01611111111111111,0.07944444444444444,0.06333333333333334,ok
nonlinear,2.0,0.05,0,causal_forest,rf,additive,0.1,0.3574062349323943,0.9394444444444444,-0.06684491978609625,-0.1483306937530423,-0.013888888888888888,0.07444444444444444,0.06055555555555556,ok
nonlinear,2.0,0.05,0,causal_forest,rf,additive,0.2,0.35741943806261806,0.9427777777777778,-0.05080213903743316,-0.09457899178050481,-0.010555555555555556,0.06777777777777778,0.05722222222222222,ok
nonlinear,2.0,0.05,0,causal_forest,rf,additive,0.5,0.35741728513621057,0.9583333333333334,-0.06684491978609625,0.06408971136472415,-0.013888888888888888,0.05555555555555555,0.041666666666666664,ok
nonlinear,2.0,0.05,0,causal_forest,rf,additive,1.0,0.3574203812544028,0.9677777777777777,-0.05614973262032086,0.2166640456486832,-0.011666666666666667,0.04388888888888889,0.03222222222222222,ok
nonlinear,2.0,0.05,0,causal_forest,rf,multiplicative,,0.3574243452577337,0.9361111111111111,-0.08288770053475936,-0.1926712122547055,-0.017222222222222222,0.0811111111111111,0.06388888888888888,ok
nonlinear,2.0,0.05,0,rlearner,lr,additive,0.0,0.3560817545256765,0.915,-0.00802139037433155,0.33336156723580274,-0.0016666666666666668,0.08666666666666667,0.085,ok
nonlinear,2.0,0.05,0,rlearner,lr,additive,0.05,0.3560817545256765,0.9205555555555556,0.0,0.29430356166751426,0.0,0.07944444444444444,0.07944444444444444,ok
nonlinear,2.0,0.05,0,rlearner,lr,additive,0.1,0.3560817545256765,0.9272222222222222,0.0,0.2654955687177915,0.0,0.07277777777777777,0.07277777777777777,ok
nonlinear,2.0,0.05,0,rlearner,lr,additive,0.2,0.3560817545256765,0.9388888888888889,-0.0106951871657754,0.2360201743479682,-0.0022222222222222222,0.06333333333333334,0.06111111111111111,ok
nonlinear,2.0,0.05,0,rlearner,lr,additive,0.5,0.3560817545256765,0.9538888888888889,0.00267379679144385,0.30276616816192603,0.0005555555555555556,0.04555555555555556,0.04611111111111111,ok
nonlinear,2.0,0.05,0,rlearner,lr,additive,1.0,0.3560817545256765,0.9627777777777777,0.00267379679144385,0.47547795166503554,0.0005555555555555556,0.03666666666666667,0.03722222222222222,ok
nonlinear,2.0,0.05,0,rlearner,lr,multiplicative,,0.3560817545256765,0.9172222222222223,-0.00267379679144385,0.3298373234501759,-0.0005555555555555556,0.08333333333333333,0.08277777777777778,ok
nonlinear,2.0,0.05,0,tlearner,rf,additive,0.0,0.3567497528361339,0.9266666666666666,0.00802139037433155,0.14811546678156878,0.0016666666666666668,0.07166666666666667,0.07333333333333333,ok
nonlinear,2.0,0.05,0,tlearner,rf,additive,0.05,0.3567497528361339,0.9277777777777778,0.0053475935828877,0.15372115174540482,0.0011111111111111111,0.07111111111111111,0.07222222222222222,ok
nonlinear,2.0,0.05,0,tlearner,rf,additive,0.1,0.3567497528361339,0.9288888888888889,0.013368983957219251,0.1618295651566635,0.002777777777777778,0.06833333333333333,0.07111111111111111,ok
nonlinear,2.0,0.05,0,tlearner,rf,additive,0.2,0.3567497528361339,0.9322222222222222,0.01871657754010695,0.18433766708898552,0.0038888888888888888,0.06388888888888888,0.06777777777777778,ok
nonlinear,2.0,0.05,0,tlearner,rf,additive,0.5,0.3567497528361339,0.9422222222222222,0.0213903743315508,0.24110596529532735,0.0044444444444444444,0.05333333333333334,0.057777777777777775,ok
nonlinear,2.0,0.05,0,tlearner,rf,additive,1.0,0.3567497528361339,0.9533333333333334,0.0160427807486631,0.29140131534674973,0.0033333333333333335,0.043333333333333335,0.04666666666666667,ok
nonlinear,2.0,0.05,0,tlearner,rf,multiplicative,,0.3567497528361339,0.9272222222222222,0.00802139037433155,0.1427863626349988,0.0016666666666666668,0.07111111111111111,0.07277777777777777,ok
nonlinear,2.0,0.05,1,causal_forest,rf,additive,0.0,0.3352837531049925,0.9344444444444444,0.05865921787709497,0.0011890131213797557,0.011666666666666667,0.05388888888888889,0.06555555555555556,ok
nonlinear,2.0,0.05,1,causal_forest,rf,additive,0.05,0.3352903459997863,0.9411111111111111,0.04189944134078213,-0.04387567517166754,0.008333333333333333,0.050555555555555555,0.058888888888888886,ok
nonlinear,2.0,0.05,1,causal_forest,rf,additive,0.1,0.3352882068284442,0.9422222222222222,0.03910614525139665,-0.08441968162471683,0.0077777777777777776,0.05,0.057777777777777775,ok
nonlinear,2.0,0.05,1,causal_forest,rf,additive,0.2,0.3352813721725199,0.9477777777777778,0.03631284916201117,-0.13675388761218682,0.007222222222222222,0.045,0.052222222222222225,ok
nonlinear,2.0,0.05,1,causal_forest,rf,additive,0.5,0.33530592422796845,0.9527777777777777,0.05865921787709497,-0.1258520076151813,0.011666666666666667,0.035555555555555556,0.04722222222222222,ok
nonlinear,2.0,0.05,1,causal_forest,rf,additive,1.0,0.3352852466647169,0.9566666666666667,0.07541899441340782,0.061865367687503545,0.015,0.028333333333333332,0.043333333333333335,ok
nonlinear,2.0,0.05,1,causal_forest,rf,multiplicative,,0.3352872834070569,0.9383333333333334,0.05307262569832402,-0.022878649520790943,0.010555555555555556,0.051111111111111114,0.06166666666666667,ok
nonlinear,2.0,0.05,1,rlearner,lr,additive,0.0,0.3343806295411649,0.9472222222222222,0.0,-0.17991030263643673,0.0,0.05277777777777778,0.05277777777777778,ok
nonlinear,2.0,0.05,1,rlearner,lr,additive,0.05,0.3343806295411649,0.9494444444444444,0.022346368715083796,-0.1576700429806062,0.0044444444444444444,0.04611111111111111,0.050555555555555555,ok
nonlinear,2.0,0.05,1,rlearner,lr,additive,0.1,0.3343806295411649,0.9527777777777777,0.013966480446927375,-0.14328082242191945,0.002777777777777778,0.044444444444444446,0.04722222222222222,ok
nonlinear,2.0,0.05,1,rlearner,lr,additive,0.2,0.3343806295411649,0.9538888888888889,0.02793296089385475,-0.12314798176519824,0.005555555555555556,0.04055555555555555,0.04611111111111111,ok
nonlinear,2.0,0.05,1,rlearner,lr,additive,0.5,0.3343806295411649,0.9633333333333334,0.030726256983240226,0.03414728371403445,0.006111111111111111,0.030555555555555555,0.03666666666666667,ok
nonlinear,2.0,0.05,1,rlearner,lr,additive,1.0,0.3343806295411649,0.9672222222222222,0.05027932960893854,0.20124946039090041,0.01,0.02277777777777778,0.03277777777777778,ok
nonlinear,2.0,0.05,1,rlearner,lr,multiplicative,,0.3343806295411649,0.9483333333333334,0.013966480446927375,-0.20650786210533023,0.002777777777777778,0.04888888888888889,0.051666666666666666,ok
nonlinear,2.0,0.05,1,tlearner,rf,additive,0.0,0.335657796232251,0.9388888888888889,0.022346368715083796,0.5660791471156724,0.0044444444444444444,0.056666666666666664,0.06111111111111111,ok
nonlinear,2.0,0.05,1,tlearner,rf,additive,0.05,0.335657796232251,0.9416666666666667,0.013966480446927375,0.5495744861828786,0.002777777777777778,0.05555555555555555,0.058333333333333334,ok
nonlinear,2.0,0.05,1,tlearner,rf,additive,0.1,0.335657796232251,0.9422222222222222,0.019553072625698324,0.521875828919418,0.0038888888888888888,0.05388888888888889,0.057777777777777775,ok
nonlinear,2.0,0.05,1,tlearner,rf,additive,0.2,0.335657796232251,0.9427777777777778,0.02513966480446927,0.4814318127922456,0.005,0.052222222222222225,0.05722222222222222,ok
nonlinear,2.0,0.05,1,tlearner,rf,additive,0.5,0.335657796232251,0.9472222222222222,0.030726256983240226,0.4337700159958485,0.006111111111111111,0.04666666666666667,0.05277777777777778,ok
nonlinear,2.0,0.05,1,tlearner,rf,additive,1.0,0.335657796232251,0.9511111111111111,0.05307262569832402,0.36788835782849955,0.010555555555555556,0.03833333333333333,0.04888888888888889,ok
nonlinear,2.0,0.05,1,tlearner,rf,multiplicative,,0.335657796232251,0.9405555555555556,0.013966480446927375,0.5452061627072212,0.002777777777777778,0.056666666666666664,0.059444444444444446,ok
nonlinear,2.0,0.05,2,causal_forest,rf,additive,0.0,0.3715992574822504,0.9138888888888889,-0.0023866348448687348,-0.4327608133700115,-0.0005555555555555556,0.08666666666666667,0.08611111111111111,ok
nonlinear,2.0,0.05,2,causal_forest,rf,additive,0.05,0.37159255771719896,0.9194444444444444,-0.02386634844868735,-0.5146532265406949,-0.005555555555555556,0.08611111111111111,0.08055555555555556,ok
nonlinear,2.0,0.05,2,causal_forest,rf,additive,0.1,0.37159579670163806,0.9288888888888889,-0.04057279236276849,-0.5969065267340808,-0.009444444444444445,0.08055555555555556,0.07111111111111111,ok
nonlinear,2.0,0.05,2,causal_forest,rf,additive,0.2,0.3715962643168629,0.9372222222222222,-0.04295942720763723,-0.7270125135637107,-0.01,0.07277777777777777,0.06277777777777778,ok
nonlinear,2.0,0.05,2,causal_forest,rf,additive,0.5,0.3715898677226213,0.9527777777777777,-0.03579952267303103,-0.9758732566172909,-0.008333333333333333,0.05555555555555555,0.04722222222222222,ok
nonlinear,2.0,0.05,2,causal_forest,rf,additive,1.0,0.37158020389473617,0.9644444444444444,-0.026252983293556086,-0.9882439760594115,-0.006111111111111111,0.041666666666666664,0.035555555555555556,ok
nonlinear,2.0,0.05,2,causal_forest,rf,multiplicative,,0.37160727460198756,0.9194444444444444,-0.03341288782816229,-0.4429482435753086,-0.0077777777777777776,0.08833333333333333,0.08055555555555556,ok
nonlinear,2.0,0.05,2,rlearner,lr,additive,0.0,0.36963040604071234,0.8916666666666667,0.011933174224343675,0.47809056904884667,0.002777777777777778,0.10555555555555556,0.10833333333333334,ok
nonlinear,2.0,0.05,2,rlearner,lr,additive,0.05,0.36963040604071234,0.9111111111111111,0.0023866348448687348,0.31908952609681995,0.0005555555555555556,0.08833333333333333,0.08888888888888889,ok
nonlinear,2.0,0.05,2,rlearner,lr,additive,0.1,0.36963040604071234,0.9233333333333333,0.01431980906921241,-0.04896908496486436,0.0033333333333333335,0.07333333333333333,0.07666666666666666,ok
nonlinear,2.0,0.05,2,rlearner,lr,additive,0.2,0.36963040604071234,0.9411111111111111,0.04295942720763723,-0.6110970279845389,0.01,0.04888888888888889,0.058888888888888886,ok
nonlinear,2.0,0.05,2,rlearner,lr,additive,0.5,0.36963040604071234,0.9627777777777777,0.045346062052505964,-0.7431175479560234,0.010555555555555556,0.02666666666666667,0.03722222222222222,ok
nonlinear,2.0,0.05,2,rlearner,lr,additive,1.0,0.36963040604071234,0.9711111111111111,0.02863961813842482,-0.7733750668088918,0.006666666666666667,0.022222222222222223,0.028888888888888888,ok
nonlinear,2.0,0.05,2,rlearner,lr,multiplicative,,0.36963040604071234,0.9038888888888889,0.0023866348448687348,0.3646673559993014,0.0005555555555555556,0.09555555555555556,0.0961111111111111,ok
nonlinear,2.0,0.05,2,tlearner,rf,additive,0.0,0.3725177934148767,0.8994444444444445,-0.02386634844868735,-0.10119241318499406,-0.005555555555555556,0.10611111111111111,0.10055555555555555,ok
nonlinear,2.0,0.05,2,tlearner,rf,additive,0.05,0.3725177934148767,0.9022222222222223,-0.026252983293556086,-0.10941860493631483,-0.006111111111111111,0.10388888888888889,0.09777777777777778,ok
nonlinear,2.0,0.05,2,tlearner,rf,additive,0.1,0.3725177934148767,0.9072222222222223,-0.03341288782816229,-0.1277309380748991,-0.0077777777777777776,0.10055555555555555,0.09277777777777778,ok
nonlinear,2.0,0.05,2,tlearner,rf,additive,0.2,0.3725177934148767,0.9155555555555556,-0.019093078758949878,-0.190036402211439,-0.0044444444444444444,0.08888888888888889,0.08444444444444445,ok
nonlinear,2.0,0.05,2,tlearner,rf,additive,0.5,0.3725177934148767,0.935,-0.0047732696897374695,-0.410724774993972,-0.0011111111111111111,0.0661111111111111,0.065,ok
nonlinear,2.0,0.05,2,tlearner,rf,additive,1.0,0.3725177934148767,0.9544444444444444,-0.016706443914081145,-0.6799969484031358,-0.0038888888888888888,0.049444444444444444,0.04555555555555556,ok
nonlinear,2.0,0.05,2,tlearner,rf,multiplicative,,0.3725177934148767,0.9038888888888889,-0.03579952267303103,-0.09824329021883353,-0.008333333333333333,0.10444444444444445,0.0961111111111111,ok
heterogeneous,0.0,0.05,0,causal_forest,rf,additive,0.0,0.3288719424988568,0.9388888888888889,0.008955223880597015,1.4466728818624053,0.0016666666666666668,0.059444444444444446,0.06111111111111111,ok
heterogeneous,0.0,0.05,0,causal_forest,rf,additive,0.05,0.32886274057134995,0.9411111111111111,0.01492537313432836,1.4855812053902062,0.002777777777777778,0.05611111111111111,0.058888888888888886,ok
heterogeneous,0.0,0.05,0,causal_forest,rf,additive,0.1,0.32886213989136737,0.9427777777777778,0.01791044776119403,1.497766999815201,0.0033333333333333335,0.05388888888888889,0.05722222222222222,ok
heterogeneous,0.0,0.05,0,causal_forest,rf,additive,0.2,0.32886655188190345,0.9461111111111111,0.032835820895522394,1.4001949592049343,0.006111111111111111,0.04777777777777778,0.05388888888888889,ok
heterogeneous,0.0,0.05,0,causal_forest,rf,additive,0.5,0.3288686748000493,0.9566666666666667,0.008955223880597015,0.9150065582561994,0.0016666666666666668,0.041666666666666664,0.043333333333333335,ok
heterogeneous,0.0,0.05,0,causal_forest,rf,additive,1.0,0.32886849892726666,0.9594444444444444,0.032835820895522394,0.5037575751914057,0.006111111111111111,0.034444444444444444,0.04055555555555555,ok
heterogeneous,0.0,0.05,0,causal_forest,rf,multiplicative,,0.32887325486512037,0.9388888888888889,0.01791044776119403,1.4180411451054,0.0033333333333333335,0.057777777777777775,0.06111111111111111,ok
heterogeneous,0.0,0.05,0,rlearner,lr,additive,0.0,0.32855659914582624,0.9433333333333334,0.05970149253731344,1.8746814353805903,0.011111111111111112,0.04555555555555556,0.056666666666666664,ok
heterogeneous,0.0,0.05,0,rlearner,lr,additive,0.05,0.32855659914582624,0.9461111111111111,0.05373134328358209,1.9491267363571232,0.01,0.04388888888888889,0.05388888888888889,ok
heterogeneous,0.0,0.05,0,rlearner,lr,additive,0.1,0.32855659914582624,0.9488888888888889,0.05373134328358209,2.0088624058391793,0.01,0.04111111111111111,0.051111111111111114,ok
heterogeneous,0.0,0.05,0,rlearner,lr,additive,0.2,0.32855659914582624,0.9505555555555556,0.05373134328358209,2.0387125756427387,0.01,0.03944444444444444,0.049444444444444444,ok
heterogeneous,0.0,0.05,0,rlearner,lr,additive,0.5,0.32855659914582624,0.9538888888888889,0.056716417910447764,2.002746233257956,0.010555555555555556,0.035555555555555556,0.04611111111111111,ok
heterogeneous,0.0,0.05,0,rlearner,lr,additive,1.0,0.32855659914582624,0.9566666666666667,0.06865671641791045,1.9033411693122484,0.012777777777777779,0.030555555555555555,0.043333333333333335,ok
heterogeneous,0.0,0.05,0,rlearner,lr,multiplicative,,0.32855659914582624,0.9433333333333334,0.056716417910447764,1.8624364359788488,0.010555555555555556,0.04611111111111111,0.056666666666666664,ok
heterogeneous,0.0,0.05,0,tlearner,rf,additive,0.0,0.32981524888448294,0.9388888888888889,0.005970149253731343,0.8838777316593476,0.0011111111111111111,0.06,0.06111111111111111,ok
heterogeneous,0.0,0.05,0,tlearner,rf,additive,0.05,0.32981524888448294,0.9366666666666666,0.020895522388059702,0.8508313382950485,0.0038888888888888888,0.059444444444444446,0.06333333333333334,ok
heterogeneous,0.0,0.05,0,tlearner,rf,additive,0.1,0.32981524888448294,0.9394444444444444,0.020895522388059702,0.8238667211433155,0.0038888888888888888,0.056666666666666664,0.06055555555555556,ok
heterogeneous,0.0,0.05,0,tlearner,rf,additive,0.2,0.32981524888448294,0.9411111111111111,0.020895522388059702,0.7627857190601053,0.0038888888888888888,0.055,0.058888888888888886,ok
heterogeneous,0.0,0.05,0,tlearner,rf,additive,0.5,0.32981524888448294,0.9494444444444444,0.01791044776119403,0.6297998949995032,0.0033333333333333335,0.04722222222222222,0.050555555555555555,ok
heterogeneous,0.0,0.05,0,tlearner,rf,additive,1.0,0.32981524888448294,0.9577777777777777,-0.0029850746268656717,0.38509460961724296,-0.0005555555555555556,0.042777777777777776,0.042222222222222223,ok
heterogeneous,0.0,0.05,0,tlearner,rf,multiplicative,,0.32981524888448294,0.9377777777777778,0.01492537313432836,0.8575204146158267,0.002777777777777778,0.059444444444444446,0.06222222222222222,ok
heterogeneous,0.0,0.05,1,causal_forest,rf,additive,0.0,0.48034337237309693,0.8872222222222222,0.008344923504867872,-1.1451498499525496,0.0033333333333333335,0.10944444444444444,0.11277777777777778,ok
heterogeneous,0.0,0.05,1,causal_forest,rf,additive,0.05,0.48034994385925256,0.8922222222222222,0.005563282336578581,-1.0002438369012954,0.0022222222222222222,0.10555555555555556,0.10777777777777778,ok
heterogeneous,0.0,0.05,1,causal_forest,rf,additive,0.1,0.48034828082771663,0.8966666666666666,0.004172461752433936,-0.8732768467506241,0.0016666666666666668,0.10166666666666667,0.10333333333333333,ok
heterogeneous,0.0,0.05,1,causal_forest,rf,additive,0.2,0.48033978316164705,0.8994444444444445,0.01808066759388039,-0.6520725615893488,0.007222222222222222,0.09333333333333334,0.10055555555555555,ok
heterogeneous,0.0,0.05,1,causal_forest,rf,additive,0.5,0.48035375949859493,0.91,0.006954102920723227,-0.46090533293568137,0.002777777777777778,0.08722222222222223,0.09,ok
heterogeneous,0.0,0.05,1,causal_forest,rf,additive,1.0,0.48034508786403185,0.92,0.0,-0.3279092077998249,0.0,0.08,0.08,ok
heterogeneous,0.0,0.05,1,causal_forest,rf,multiplicative,,0.4803410099062311,0.89,0.008344923504867872,-1.1283502782261154,0.0033333333333333335,0.10666666666666667,0.11,ok
heterogeneous,0.0,0.05,1,rlearner,lr,additive,0.0,0.47946783035249857,0.88,-0.009735744089012517,-1.3338954756692032,-0.0038888888888888888,0.1238888888888889,0.12,ok
heterogeneous,0.0,0.05,1,rlearner,lr,additive,0.05,0.47946783035249857,0.8883333333333333,-0.0027816411682892906,-1.2755089318235426,-0.0011111111111111111,0.11277777777777778,0.11166666666666666,ok
heterogeneous,0.0,0.05,1,rlearner,lr,additive,0.1,0.47946783035249857,0.89,0.008344923504867872,-1.1563116103581454,0.0033333333333333335,0.10666666666666667,0.11,ok
heterogeneous,0.0,0.05,1,rlearner,lr,additive,0.2,0.47946783035249857,0.8972222222222223,0.016689847009735744,-0.8997451837553766,0.006666666666666667,0.0961111111111111,0.10277777777777777,ok
heterogeneous,0.0,0.05,1,rlearner,lr,additive,0.5,0.47946783035249857,0.92,0.004172461752433936,-0.5897100043993132,0.0016666666666666668,0.07833333333333334,0.08,ok
heterogeneous,0.0,0.05,1,rlearner,lr,additive,1.0,0.47946783035249857,0.9255555555555556,0.0,-0.6659378939772521,0.0,0.07444444444444444,0.07444444444444444,ok
heterogeneous,0.0,0.05,1,rlearner,lr,multiplicative,,0.47946783035249857,0.8838888888888888,-0.008344923504867872,-1.2141957956959717,-0.0033333333333333335,0.11944444444444445,0.11611111111111111,ok
heterogeneous,0.0,0.05,1,tlearner,rf,additive,0.0,0.4811535391373915,0.8783333333333333,0.011126564673157162,-0.06497138934604738,0.0044444444444444444,0.11722222222222223,0.12166666666666667,ok
heterogeneous,0.0,0.05,1,tlearner,rf,additive,0.05,0.4811535391373915,0.8794444444444445,0.0152990264255911,-0.10632726696397045,0.006111111111111111,0.11444444444444445,0.12055555555555555,ok
heterogeneous,0.0,0.05,1,tlearner,rf,additive,0.1,0.4811535391373915,0.8827777777777778,0.01808066759388039,-0.14348067092020458,0.007222222222222222,0.11,0.11722222222222223,ok
heterogeneous,0.0,0.05,1,tlearner,rf,additive,0.2,0.4811535391373915,0.8905555555555555,0.0027816411682892906,-0.1861132327396679,0.0011111111111111111,0.10833333333333334,0.10944444444444444,ok
heterogeneous,0.0,0.05,1,tlearner,rf,additive,0.5,0.4811535391373915,0.9,0.013908205841446454,-0.13552835969867846,0.005555555555555556,0.09444444444444444,0.1,ok
heterogeneous,0.0,0.05,1,tlearner,rf,additive,1.0,0.4811535391373915,0.9094444444444445,0.012517385257301809,0.0857258008989884,0.005,0.08555555555555555,0.09055555555555556,ok
heterogeneous,0.0,0.05,1,tlearner,rf,multiplicative,,0.4811535391373915,0.88,0.012517385257301809,-0.06660219060460479,0.005,0.115,0.12,ok
heterogeneous,0.0,0.05,2,causal_forest,rf,additive,0.0,0.4523389031714775,0.8772222222222222,-0.006956521739130435,0.24033593984954707,-0.0022222222222222222,0.125,0.12277777777777778,ok
heterogeneous,0.0,0.05,2,causal_forest,rf,additive,0.05,0.452333282890384,0.8816666666666667,-0.010434782608695651,0.19983755938580133,-0.0033333333333333335,0.12166666666666667,0.11833333333333333,ok
heterogeneous,0.0,0.05,2,causal_forest,rf,additive,0.1,0.452312869033814,0.8816666666666667,0.008695652173913044,0.14997986577399836,0.002777777777777778,0.11555555555555555,0.11833333333333333,ok
heterogeneous,0.0,0.05,2,causal_forest,rf,additive,0.2,0.4523381389211492,0.8883333333333333,0.020869565217391303,0.027112412121119877,0.006666666666666667,0.105,0.11166666666666666,ok
heterogeneous,0.0,0.05,2,causal_forest,rf,additive,0.5,0.452338279350552,0.9155555555555556,-0.026086956521739132,-0.21484041274933544,-0.008333333333333333,0.09277777777777778,0.08444444444444445,ok
heterogeneous,0.0,0.05,2,causal_forest,rf,additive,1.0,0.45235261547739425,0.9305555555555556,-0.053913043478260876,-0.35235590441520814,-0.017222222222222222,0.08666666666666667,0.06944444444444445,ok
heterogeneous,0.0,0.05,2,causal_forest,rf,multiplicative,,0.45233281274838594,0.8761111111111111,-0.0017391304347826088,0.25083819378115835,-0.0005555555555555556,0.12444444444444444,0.1238888888888889,ok
heterogeneous,0.0,0.05,2,rlearner,lr,additive,0.0,0.4515693380329787,0.8766666666666667,-0.0191304347826087,0.1463251863900056,-0.006111111111111111,0.12944444444444445,0.12333333333333334,ok
heterogeneous,0.0,0.05,2,rlearner,lr,additive,0.05,0.4515693380329787,0.8833333333333333,-0.020869565217391303,0.04334217072277921,-0.006666666666666667,0.12333333333333334,0.11666666666666667,ok
heterogeneous,0.0,0.05,2,rlearner,lr,additive,0.1,0.4515693380329787,0.8933333333333333,-0.03130434782608696,-0.06481129478091305,-0.01,0.11666666666666667,0.10666666666666667,ok
heterogeneous,0.0,0.05,2,rlearner,lr,additive,0.2,0.4515693380329787,0.9038888888888889,-0.020869565217391303,-0.2571780214707063,-0.006666666666666667,0.10277777777777777,0.0961111111111111,ok
heterogeneous,0.0,0.05,2,rlearner,lr,additive,0.5,0.4515693380329787,0.9311111111111111,-0.06260869565217392,-0.5340870214364619,-0.02,0.08888888888888889,0.06888888888888889,ok
heterogeneous,0.0,0.05,2,rlearner,lr,additive,1.0,0.4515693380329787,0.9472222222222222,-0.06956521739130435,-0.6345253169354483,-0.022222222222222223,0.075,0.05277777777777778,ok
heterogeneous,0.0,0.05,2,rlearner,lr,multiplicative,,0.4515693380329787,0.8777777777777778,-0.017391304347826087,0.16579354328556822,-0.005555555555555556,0.12777777777777777,0.12222222222222222,ok
heterogeneous,0.0,0.05,2,tlearner,rf,additive,0.0,0.4535218787662515,0.89,-0.050434782608695654,-0.47033142989458604,-0.01611111111111111,0.12611111111111112,0.11,ok
heterogeneous,0.0,0.05,2,tlearner,rf,additive,0.05,0.4535218787662515,0.8933333333333333,-0.059130434782608696,-0.48176438113785536,-0.01888888888888889,0.12555555555555556,0.10666666666666667,ok
heterogeneous,0.0,0.05,2,tlearner,rf,additive,0.1,0.4535218787662515,0.8966666666666666,-0.06434782608695652,-0.4939329746079457,-0.020555555555555556,0.1238888888888889,0.10333333333333333,ok
heterogeneous,0.0,0.05,2,tlearner,rf,additive,0.2,0.4535218787662515,0.9,-0.053913043478260876,-0.5237835928194676,-0.017222222222222222,0.11722222222222223,0.1,ok
heterogeneous,0.0,0.05,2,tlearner,rf,additive,0.5,0.4535218787662515,0.91,-0.04521739130434783,-0.5569189053794552,-0.014444444444444444,0.10444444444444445,0.09,ok
heterogeneous,0.0,0.05,2,tlearner,rf,additive,1.0,0.4535218787662515,0.925,-0.05565217391304348,-0.5644913657491208,-0.017777777777777778,0.09277777777777778,0.075,ok
heterogeneous,0.0,0.05,2,tlearner,rf,multiplicative,,0.4535218787662515,0.8922222222222222,-0.059130434782608696,-0.4961153165326269,-0.01888888888888889,0.12666666666666668,0.10777777777777778,ok
heterogeneous,1.0,0.05,0,causal_forest,rf,additive,0.0,0.32896286820030085,0.9338888888888889,0.01492537313432836,-0.12522715830819545,0.002777777777777778,0.06333333333333334,0.0661111111111111,ok
heterogeneous,1.0,0.05,0,causal_forest,rf,additive,0.05,0.3289652621771883,0.9338888888888889,0.011940298507462687,-0.09044252446640916,0.0022222222222222222,0.06388888888888888,0.0661111111111111,ok
heterogeneous,1.0,0.05,0,causal_forest,rf,additive,0.1,0.32895837134837586,0.9338888888888889,0.02985074626865672,-0.04647559105701604,0.005555555555555556,0.06055555555555556,0.0661111111111111,ok
heterogeneous,1.0,0.05,0,causal_forest,rf,additive,0.2,0.32896856279033415,0.94,0.023880597014925373,0.01814584364649041,0.0044444444444444444,0.05555555555555555,0.06,ok
heterogeneous,1.0,0.05,0,causal_forest,rf,additive,0.5,0.3289614452135859,0.95,0.020895522388059702,0.08436909645014254,0.0038888888888888888,0.04611111111111111,0.05,ok
heterogeneous,1.0,0.05,0,causal_forest,rf,additive,1.0,0.32895802282989856,0.9588888888888889,0.020895522388059702,0.09119356279037942,0.0038888888888888888,0.03722222222222222,0.04111111111111111,ok
heterogeneous,1.0,0.05,0,causal_forest,rf,multiplicative,,0.3289628405487774,0.9344444444444444,0.005970149253731343,-0.11759990206247938,0.0011111111111111111,0.06444444444444444,0.06555555555555556,ok
heterogeneous,1.0,0.05,0,rlearner,lr,additive,0.0,0.32816064401055955,0.9372222222222222,0.11641791044776119,0.48425437687290834,0.021666666666666667,0.04111111111111111,0.06277777777777778,ok
heterogeneous,1.0,0.05,0,rlearner,lr,additive,0.05,0.32816064401055955,0.9411111111111111,0.08656716417910448,0.5265455299976028,0.01611111111111111,0.042777777777777776,0.058888888888888886,ok
heterogeneous,1.0,0.05,0,rlearner,lr,additive,0.1,0.32816064401055955,0.9422222222222222,0.08955223880597016,0.5592582005956596,0.016666666666666666,0.04111111111111111,0.057777777777777775,ok
heterogeneous,1.0,0.05,0,rlearner,lr,additive,0.2,0.32816064401055955,0.9438888888888889,0.10149253731343283,0.6105941910944976,0.01888888888888889,0.03722222222222222,0.05611111111111111,ok
heterogeneous,1.0,0.05,0,rlearner,lr,additive,0.5,0.32816064401055955,0.9488888888888889,0.11641791044776119,0.6219799876730913,0.021666666666666667,0.029444444444444443,0.051111111111111114,ok
heterogeneous,1.0,0.05,0,rlearner,lr,additive,1.0,0.32816064401055955,0.9544444444444444,0.11343283582089553,0.5560335501567332,0.021111111111111112,0.024444444444444446,0.04555555555555556,ok
heterogeneous,1.0,0.05,0,rlearner,lr,multiplicative,,0.32816064401055955,0.9388888888888889,0.10149253731343283,0.4870360161174057,0.01888888888888889,0.042222222222222223,0.06111111111111111,ok
heterogeneous,1.0,0.05,0,tlearner,rf,additive,0.0,0.3294155574783634,0.9377777777777778,0.023880597014925373,-0.23990184653915128,0.0044444444444444444,0.057777777777777775,0.06222222222222222,ok
heterogeneous,1.0,0.05,0,tlearner,rf,additive,0.05,0.32941555747836343,0.9383333333333334,0.032835820895522394,-0.2067168275173875,0.006111111111111111,0.05555555555555555,0.06166666666666667,ok
heterogeneous,1.0,0.05,0,tlearner,rf,additive,0.1,0.32941555747836343,0.9411111111111111,0.02985074626865672,-0.17101643479453926,0.005555555555555556,0.05333333333333334,0.058888888888888886,ok
heterogeneous,1.0,0.05,0,tlearner,rf,additive,0.2,0.32941555747836343,0.9405555555555556,0.04477611940298508,-0.10260413700638453,0.008333333333333333,0.051111111111111114,0.059444444444444446,ok
heterogeneous,1.0,0.05,0,tlearner,rf,additive,0.5,0.32941555747836343,0.9494444444444444,0.03880597014925373,-0.01207601663214196,0.007222222222222222,0.043333333333333335,0.050555555555555555,ok
heterogeneous,1.0,0.05,0,tlearner,rf,additive,1.0,0.32941555747836343,0.96,0.01492537313432836,0.009987670166347343,0.002777777777777778,0.03722222222222222,0.04,ok
heterogeneous,1.0,0.05,0,tlearner,rf,multiplicative,,0.32941555747836343,0.9388888888888889,0.01791044776119403,-0.22379011159189555,0.0033333333333333335,0.057777777777777775,0.06111111111111111,ok
heterogeneous,1.0,0.05,1,causal_forest,rf,additive,0.0,0.4799791383144689,0.8727777777777778,0.027816411682892908,3.661890373952785,0.011111111111111112,0.11611111111111111,0.1272222222222222,ok
heterogeneous,1.0,0.05,1,causal_forest,rf,additive,0.05,0.4800015187549621,0.8744444444444445,0.0458970792767733,3.870215779099145,0.018333333333333333,0.10722222222222222,0.12555555555555556,ok
heterogeneous,1.0,0.05,1,causal_forest,rf,additive,0.1,0.4799819006145658,0.8783333333333333,0.04172461752433936,4.180819882016354,0.016666666666666666,0.105,0.12166666666666667,ok
heterogeneous,1.0,0.05,1,causal_forest,rf,additive,0.2,0.47998755173426977,0.8816666666666667,0.04311543810848401,4.412795732731391,0.017222222222222222,0.10111111111111111,0.11833333333333333,ok
heterogeneous,1.0,0.05,1,causal_forest,rf,additive,0.5,0.47998944219002,0.8916666666666667,0.04450625869262865,5.612131994410152,0.017777777777777778,0.09055555555555556,0.10833333333333334,ok
heterogeneous,1.0,0.05,1,causal_forest,rf,additive,1.0,0.48000141011233355,0.9011111111111111,0.03894297635605007,6.648417493402556,0.015555555555555555,0.08333333333333333,0.09888888888888889,ok
heterogeneous,1.0,0.05,1,causal_forest,rf,multiplicative,,0.47999278273821677,0.8738888888888889,0.04033379694019472,3.6038913800104715,0.01611111111111111,0.11,0.12611111111111112,ok
heterogeneous,1.0,0.05,1,rlearner,lr,additive,0.0,0.4796092140220249,0.8877777777777778,-0.011126564673157162,-9.76663215013351,-0.0044444444444444444,0.11666666666666667,0.11222222222222222,ok
heterogeneous,1.0,0.05,1,rlearner,lr,additive,0.05,0.4796092140220249,0.8944444444444445,-0.011126564673157162,-10.234097232678605,-0.0044444444444444444,0.11,0.10555555555555556,ok
heterogeneous,1.0,0.05,1,rlearner,lr,additive,0.1,0.4796092140220249,0.8961111111111111,-0.005563282336578581,-10.199984421264661,-0.0022222222222222222,0.10611111111111111,0.10388888888888889,ok
heterogeneous,1.0,0.05,1,rlearner,lr,additive,0.2,0.4796092140220249,0.9038888888888889,0.0027816411682892906,-9.359023737204945,0.0011111111111111111,0.095,0.0961111111111111,ok
heterogeneous,1.0,0.05,1,rlearner,lr,additive,0.5,0.4796092140220249,0.915,0.009735744089012517,-5.899040867132089,0.0038888888888888888,0.0811111111111111,0.085,ok
heterogeneous,1.0,0.05,1,rlearner,lr,additive,1.0,0.4796092140220249,0.9261111111111111,-0.008344923504867872,-2.947163456601602,-0.0033333333333333335,0.07722222222222222,0.07388888888888889,ok
heterogeneous,1.0,0.05,1,rlearner,lr,multiplicative,,0.4796092140220249,0.8916666666666667,-0.008344923504867872,-9.521610519945382,-0.0033333333333333335,0.11166666666666666,0.10833333333333334,ok
heterogeneous,1.0,0.05,1,tlearner,rf,additive,0.0,0.4801822197647334,0.8705555555555555,0.0305980528511822,4.127090509368284,0.012222222222222223,0.11722222222222223,0.12944444444444445,ok
heterogeneous,1.0,0.05,1,tlearner,rf,additive,0.05,0.4801822197647334,0.8738888888888889,0.027816411682892908,4.20308283365202,0.011111111111111112,0.115,0.12611111111111112,ok
heterogeneous,1.0,0.05,1,tlearner,rf,additive,0.1,0.4801822197647334,0.8744444444444445,0.0305980528511822,4.175946541693559,0.012222222222222223,0.11333333333333333,0.12555555555555556,ok
heterogeneous,1.0,0.05,1,tlearner,rf,additive,0.2,0.4801822197647334,0.8761111111111111,0.029207232267037555,4.053226867435679,0.011666666666666667,0.11222222222222222,0.1238888888888889,ok
heterogeneous,1.0,0.05,1,tlearner,rf,additive,0.5,0.4801822197647334,0.8883333333333333,0.008344923504867872,3.5175436236924598,0.0033333333333333335,0.10833333333333334,0.11166666666666666,ok
heterogeneous,1.0,0.05,1,tlearner,rf,additive,1.0,0.4801822197647334,0.8983333333333333,0.022253129346314324,3.931758078916668,0.008888888888888889,0.09277777777777778,0.10166666666666667,ok
heterogeneous,1.0,0.05,1,tlearner,rf,multiplicative,,0.4801822197647334,0.8716666666666667,0.0305980528511822,3.5117629161431863,0.012222222222222223,0.11611111111111111,0.12833333333333333,ok
heterogeneous,1.0,0.05,2,causal_forest,rf,additive,0.0,0.4519613761623915,0.9011111111111111,-0.024347826086956525,0.06146361311134702,-0.0077777777777777776,0.10666666666666667,0.09888888888888889,ok
heterogeneous,1.0,0.05,2,causal_forest,rf,additive,0.05,0.45197674651652886,0.9055555555555556,-0.03130434782608696,0.06169678266228742,-0.01,0.10444444444444445,0.09444444444444444,ok
heterogeneous,1.0,0.05,2,causal_forest,rf,additive,0.1,0.45197290816345786,0.9061111111111111,-0.026086956521739132,0.07653956266653777,-0.008333333333333333,0.10222222222222223,0.09388888888888888,ok
heterogeneous,1.0,0.05,2,causal_forest,rf,additive,0.2,0.4519760791646373,0.9094444444444445,-0.005217391304347826,0.08200086904769599,-0.0016666666666666668,0.09222222222222222,0.09055555555555556,ok
heterogeneous,1.0,0.05,2,causal_forest,rf,additive,0.5,0.4519736887965873,0.9188888888888889,-0.01565217391304348,0.07273984708401088,-0.005,0.08611111111111111,0.0811111111111111,ok
heterogeneous,1.0,0.05,2,causal_forest,rf,additive,1.0,0.45195962231520315,0.9261111111111111,-0.022608695652173914,0.038851670988072295,-0.007222222222222222,0.0811111111111111,0.07388888888888889,ok
heterogeneous,1.0,0.05,2,causal_forest,rf,multiplicative,,0.45196578371219803,0.9005555555555556,-0.0191304347826087,0.07114104766840418,-0.006111111111111111,0.10555555555555556,0.09944444444444445,ok
heterogeneous,1.0,0.05,2,rlearner,lr,additive,0.0,0.4517221049937967,0.9144444444444444,-0.029565217391304348,0.1240915690572009,-0.009444444444444445,0.095,0.08555555555555555,ok
heterogeneous,1.0,0.05,2,rlearner,lr,additive,0.05,0.4517221049937967,0.9161111111111111,-0.03304347826086957,0.13289251203844174,-0.010555555555555556,0.09444444444444444,0.08388888888888889,ok
heterogeneous,1.0,0.05,2,rlearner,lr,additive,0.1,0.4517221049937967,0.9211111111111111,-0.043478260869565216,0.13274667159094292,-0.013888888888888888,0.09277777777777778,0.07888888888888888,ok
heterogeneous,1.0,0.05,2,rlearner,lr,additive,0.2,0.4517221049937967,0.9244444444444444,-0.04695652173913044,0.12266293054112125,-0.015,0.09055555555555556,0.07555555555555556,ok
heterogeneous,1.0,0.05,2,rlearner,lr,additive,0.5,0.4517221049937967,0.9311111111111111,-0.04869565217391305,0.07711977027021277,-0.015555555555555555,0.08444444444444445,0.06888888888888889,ok
heterogeneous,1.0,0.05,2,rlearner,lr,additive,1.0,0.4517221049937967,0.9411111111111111,-0.07130434782608695,0.025816502271158944,-0.02277777777777778,0.08166666666666667,0.058888888888888886,ok
heterogeneous,1.0,0.05,2,rlearner,lr,multiplicative,,0.4517221049937967,0.9144444444444444,-0.029565217391304348,0.09427500280314348,-0.009444444444444445,0.095,0.08555555555555555,ok
heterogeneous,1.0,0.05,2,tlearner,rf,additive,0.0,0.4524221033903035,0.8866666666666667,0.005217391304347826,0.31247079835397296,0.0016666666666666668,0.11166666666666666,0.11333333333333333,ok
heterogeneous,1.0,0.05,2,tlearner,rf,additive,0.05,0.4524221033903035,0.8888888888888888,0.0034782608695652175,0.3084747825703594,0.0011111111111111111,0.11,0.1111111111111111,ok
heterogeneous,1.0,0.05,2,tlearner,rf,additive,0.1,0.4524221033903035,0.8922222222222222,0.0,0.3036546945278005,0.0,0.10777777777777778,0.10777777777777778,ok
heterogeneous,1.0,0.05,2,tlearner,rf,additive,0.2,0.4524221033903035,0.8977777777777778,0.0,0.28855002065339574,0.0,0.10222222222222223,0.10222222222222223,ok
heterogeneous,1.0,0.05,2,tlearner,rf,additive,0.5,0.4524221033903035,0.9061111111111111,-0.017391304347826087,0.2218967330568522,-0.005555555555555556,0.09944444444444445,0.09388888888888888,ok
heterogeneous,1.0,0.05,2,tlearner,rf,additive,1.0,0.4524221033903035,0.9172222222222223,-0.034782608695652174,0.13644732621150482,-0.011111111111111112,0.09388888888888888,0.08277777777777778,ok
heterogeneous,1.0,0.05,2,tlearner,rf,multiplicative,,0.4524221033903035,0.8866666666666667,0.0034782608695652175,0.30176865209837705,0.0011111111111111111,0.11222222222222222,0.11333333333333333,ok
heterogeneous,2.0,0.05,0,causal_forest,rf,additive,0.0,0.329234055839483,0.9294444444444444,0.056716417910447764,0.0182619047778205,0.010555555555555556,0.06,0.07055555555555555,ok
heterogeneous,2.0,0.05,0,causal_forest,rf,additive,0.05,0.3292352029239157,0.9316666666666666,0.06567164179104479,0.05861390756922757,0.012222222222222223,0.05611111111111111,0.06833333333333333,ok
heterogeneous,2.0,0.05,0,causal_forest,rf,additive,0.1,0.32923870409556316,0.9344444444444444,0.07164179104477612,0.09837153423436362,0.013333333333333334,0.052222222222222225,0.06555555555555556,ok
heterogeneous,2.0,0.05,0,causal_forest,rf,additive,0.2,0.3292256698446934,0.9416666666666667,0.04477611940298508,0.1651758907259872,0.008333333333333333,0.05,0.058333333333333334,ok
heterogeneous,2.0,0.05,0,causal_forest,rf,additive,0.5,0.3292386807735338,0.9461111111111111,0.041791044776119404,0.20357810287629702,0.0077777777777777776,0.04611111111111111,0.05388888888888889,ok
heterogeneous,2.0,0.05,0,causal_forest,rf,additive,1.0,0.3292299724628024,0.9588888888888889,0.020895522388059702,0.14969635950548232,0.0038888888888888888,0.03722222222222222,0.04111111111111111,ok
heterogeneous,2.0,0.05,0,causal_forest,rf,multiplicative,,0.32923763526603284,0.93,0.06567164179104479,0.03251801736191629,0.012222222222222223,0.057777777777777775,0.07,ok
heterogeneous,2.0,0.05,0,rlearner,lr,additive,0.0,0.32823451980460394,0.9366666666666666,0.11641791044776119,0.45945090038957637,0.021666666666666667,0.041666666666666664,0.06333333333333334,ok
heterogeneous,2.0,0.05,0,rlearner,lr,additive,0.05,0.32823451980460394,0.9372222222222222,0.12835820895522387,0.5104979500964298,0.02388888888888889,0.03888888888888889,0.06277777777777778,ok
heterogeneous,2.0,0.05,0,rlearner,lr,additive,0.1,0.32823451980460394,0.9411111111111111,0.10149253731343283,0.5410718064495201,0.01888888888888889,0.04,0.058888888888888886,ok
heterogeneous,2.0,0.05,0,rlearner,lr,additive,0.2,0.32823451980460394,0.945,0.08656716417910448,0.5729982489389613,0.01611111111111111,0.03888888888888889,0.055,ok
heterogeneous,2.0,0.05,0,rlearner,lr,additive,0.5,0.32823451980460394,0.9472222222222222,0.11343283582089553,0.5863426118607105,0.021111111111111112,0.03166666666666667,0.05277777777777778,ok
heterogeneous,2.0,0.05,0,rlearner,lr,additive,1.0,0.32823451980460394,0.9538888888888889,0.0955223880597015,0.5268345178314913,0.017777777777777778,0.028333333333333332,0.04611111111111111,ok
heterogeneous,2.0,0.05,0,rlearner,lr,multiplicative,,0.32823451980460394,0.9366666666666666,0.12537313432835823,0.4616894738174244,0.023333333333333334,0.04,0.06333333333333334,ok
heterogeneous,2.0,0.05,0,tlearner,rf,additive,0.0,0.3294436990654079,0.9338888888888889,0.07164179104477612,-0.1294886780514885,0.013333333333333334,0.05277777777777778,0.0661111111111111,ok
heterogeneous,2.0,0.05,0,tlearner,rf,additive,0.05,0.3294436990654079,0.9372222222222222,0.06567164179104479,-0.0921097642711454,0.012222222222222223,0.050555555555555555,0.06277777777777778,ok
heterogeneous,2.0,0.05,0,tlearner,rf,additive,0.1,0.3294436990654079,0.9372222222222222,0.06567164179104479,-0.06437779907271872,0.012222222222222223,0.050555555555555555,0.06277777777777778,ok
heterogeneous,2.0,0.05,0,tlearner,rf,additive,0.2,0.3294436990654079,0.9422222222222222,0.05373134328358209,-0.024535354097050103,0.01,0.04777777777777778,0.057777777777777775,ok
heterogeneous,2.0,0.05,0,tlearner,rf,additive,0.5,0.3294436990654079,0.9538888888888889,0.023880597014925373,0.03452373376513437,0.0044444444444444444,0.041666666666666664,0.04611111111111111,ok
heterogeneous,2.0,0.05,0,tlearner,rf,additive,1.0,0.3294436990654079,0.96,0.01492537313432836,0.059125260035221006,0.002777777777777778,0.03722222222222222,0.04,ok
heterogeneous,2.0,0.05,0,tlearner,rf,multiplicative,,0.3294436990654079,0.9366666666666666,0.06567164179104479,-0.11988339075822503,0.012222222222222223,0.051111111111111114,0.06333333333333334,ok
heterogeneous,2.0,0.05,1,causal_forest,rf,additive,0.0,0.48006178116475656,0.8877777777777778,-0.0013908205841446453,-0.4162579999428257,-0.0005555555555555556,0.11277777777777778,0.11222222222222222,ok
heterogeneous,2.0,0.05,1,causal_forest,rf,additive,0.05,0.48007795328646935,0.89,-0.0013908205841446453,-0.41590205853956325,-0.0005555555555555556,0.11055555555555556,0.11,ok
heterogeneous,2.0,0.05,1,causal_forest,rf,additive,0.1,0.4800598126613416,0.8916666666666667,-0.0027816411682892906,-0.36535218748219805,-0.0011111111111111111,0.10944444444444444,0.10833333333333334,ok
heterogeneous,2.0,0.05,1,causal_forest,rf,additive,0.2,0.4800769893528334,0.8922222222222222,0.013908205841446454,-0.28013153854983586,0.005555555555555556,0.10222222222222223,0.10777777777777778,ok
heterogeneous,2.0,0.05,1,causal_forest,rf,additive,0.5,0.4800630538623656,0.9011111111111111,0.026425591098748265,-0.08847996974287871,0.010555555555555556,0.08833333333333333,0.09888888888888889,ok
heterogeneous,2.0,0.05,1,causal_forest,rf,additive,1.0,0.48005891028358816,0.9127777777777778,0.008344923504867872,0.10059659770750837,0.0033333333333333335,0.08388888888888889,0.08722222222222223,ok
heterogeneous,2.0,0.05,1,causal_forest,rf,multiplicative,,0.4800847132551263,0.8894444444444445,-0.0013908205841446453,-0.4842211882437996,-0.0005555555555555556,0.1111111111111111,0.11055555555555556,ok
heterogeneous,2.0,0.05,1,rlearner,lr,additive,0.0,0.47941004092348116,0.8927777777777778,0.005563282336578581,-1.1093711418355299,0.0022222222222222222,0.105,0.10722222222222222,ok
heterogeneous,2.0,0.05,1,rlearner,lr,additive,0.05,0.47941004092348116,0.8988888888888888,-0.0013908205841446453,-1.343268975297095,-0.0005555555555555556,0.10166666666666667,0.10111111111111111,ok
heterogeneous,2.0,0.05,1,rlearner,lr,additive,0.1,0.47941004092348116,0.8994444444444445,0.011126564673157162,-1.4665546948402184,0.0044444444444444444,0.0961111111111111,0.10055555555555555,ok
heterogeneous,2.0,0.05,1,rlearner,lr,additive,0.2,0.47941004092348116,0.91,0.006954102920723227,-1.445695114183302,0.002777777777777778,0.08722222222222223,0.09,ok
heterogeneous,2.0,0.05,1,rlearner,lr,additive,0.5,0.47941004092348116,0.92,0.016689847009735744,-0.9983860746959714,0.006666666666666667,0.07333333333333333,0.08,ok
heterogeneous,2.0,0.05,1,rlearner,lr,additive,1.0,0.47941004092348116,0.9344444444444444,-0.016689847009735744,-0.6335476326566988,-0.006666666666666667,0.07222222222222222,0.06555555555555556,ok
heterogeneous,2.0,0.05,1,rlearner,lr,multiplicative,,0.47941004092348116,0.8944444444444445,0.005563282336578581,-1.0532029908092875,0.0022222222222222222,0.10333333333333333,0.10555555555555556,ok
heterogeneous,2.0,0.05,1,tlearner,rf,additive,0.0,0.48137588787577135,0.8711111111111111,0.04728789986091794,-0.10047132019224089,0.01888888888888889,0.11,0.1288888888888889,ok
heterogeneous,2.0,0.05,1,tlearner,rf,additive,0.05,0.48137588787577135,0.8761111111111111,0.03894297635605007,-0.08956022248122651,0.015555555555555555,0.10833333333333334,0.1238888888888889,ok
heterogeneous,2.0,0.05,1,tlearner,rf,additive,0.1,0.48137588787577135,0.8738888888888889,0.05702364394993046,-0.08883420375392972,0.02277777777777778,0.10333333333333333,0.12611111111111112,ok
heterogeneous,2.0,0.05,1,tlearner,rf,additive,0.2,0.48137588787577135,0.8794444444444445,0.050069541029207236,-0.07804859634676725,0.02,0.10055555555555555,0.12055555555555555,ok
heterogeneous,2.0,0.05,1,tlearner,rf,additive,0.5,0.48137588787577135,0.8966666666666666,0.029207232267037555,-0.08510137177786212,0.011666666666666667,0.09166666666666666,0.10333333333333333,ok
heterogeneous,2.0,0.05,1,tlearner,rf,additive,1.0,0.48137588787577135,0.9044444444444445,0.026425591098748265,-0.055965347728384976,0.010555555555555556,0.085,0.09555555555555556,ok
heterogeneous,2.0,0.05,1,tlearner,rf,multiplicative,,0.48137588787577135,0.8744444444444445,0.04311543810848401,-0.09538897736500715,0.017222222222222222,0.10833333333333334,0.12555555555555556,ok
heterogeneous,2.0,0.05,2,causal_forest,rf,additive,0.0,0.45237793066216464,0.905,-0.053913043478260876,-0.05261213110204898,-0.017222222222222222,0.11222222222222222,0.095,ok
heterogeneous,2.0,0.05,2,causal_forest,rf,additive,0.05,0.4523831395273929,0.9055555555555556,-0.053913043478260876,-0.04730677177317491,-0.017222222222222222,0.11166666666666666,0.09444444444444444,ok
heterogeneous,2.0,0.05,2,causal_forest,rf,additive,0.1,0.45237793930357645,0.9077777777777778,-0.04521739130434783,-0.04007262800113393,-0.014444444444444444,0.10666666666666667,0.09222222222222222,ok
heterogeneous,2.0,0.05,2,causal_forest,rf,additive,0.2,0.45235117659343516,0.9077777777777778,-0.041739130434782605,-0.012943534533811226,-0.013333333333333334,0.10555555555555556,0.09222222222222222,ok
heterogeneous,2.0,0.05,2,causal_forest,rf,additive,0.5,0.4523734677775822,0.915,-0.0191304347826087,0.0478251909970304,-0.006111111111111111,0.09111111111111111,0.085,ok
heterogeneous,2.0,0.05,2,causal_forest,rf,additive,1.0,0.4523900978862802,0.9227777777777778,-0.024347826086956525,0.09543391921059391,-0.0077777777777777776,0.085,0.07722222222222222,ok
heterogeneous,2.0,0.05,2,causal_forest,rf,multiplicative,,0.4523733131610037,0.9038888888888889,-0.04869565217391305,-0.048456068133586695,-0.015555555555555555,0.11166666666666666,0.0961111111111111,ok
heterogeneous,2.0,0.05,2,rlearner,lr,additive,0.0,0.4519874657226944,0.9166666666666666,-0.029565217391304348,0.011392568436330472,-0.009444444444444445,0.09277777777777778,0.08333333333333333,ok
heterogeneous,2.0,0.05,2,rlearner,lr,additive,0.05,0.4519874657226944,0.9194444444444444,-0.036521739130434785,0.025693173716510996,-0.011666666666666667,0.09222222222222222,0.08055555555555556,ok
heterogeneous,2.0,0.05,2,rlearner,lr,additive,0.1,0.4519874657226944,0.9205555555555556,-0.036521739130434785,0.034856959527614674,-0.011666666666666667,0.09111111111111111,0.07944444444444444,ok
heterogeneous,2.0,0.05,2,rlearner,lr,additive,0.2,0.4519874657226944,0.9216666666666666,-0.034782608695652174,0.0487021989960672,-0.011111111111111112,0.08944444444444444,0.07833333333333334,ok
heterogeneous,2.0,0.05,2,rlearner,lr,additive,0.5,0.4519874657226944,0.9322222222222222,-0.06608695652173914,0.060441732949524644,-0.021111111111111112,0.08888888888888889,0.06777777777777778,ok
heterogeneous,2.0,0.05,2,rlearner,lr,additive,1.0,0.4519874657226944,0.94,-0.07304347826086957,0.05601451176609758,-0.023333333333333334,0.08333333333333333,0.06,ok
heterogeneous,2.0,0.05,2,rlearner,lr,multiplicative,,0.4519874657226944,0.915,-0.026086956521739132,-0.01108928990779183,-0.008333333333333333,0.09333333333333334,0.085,ok
heterogeneous,2.0,0.05,2,tlearner,rf,additive,0.0,0.45276728194740634,0.8888888888888888,-0.0034782608695652175,0.40518252366688284,-0.0011111111111111111,0.11222222222222222,0.1111111111111111,ok
heterogeneous,2.0,0.05,2,tlearner,rf,additive,0.05,0.45276728194740634,0.8911111111111111,0.0,0.3979627196347527,0.0,0.10888888888888888,0.10888888888888888,ok
heterogeneous,2.0,0.05,2,tlearner,rf,additive,0.1,0.45276728194740634,0.8944444444444445,-0.0034782608695652175,0.39145742128120964,-0.0011111111111111111,0.10666666666666667,0.10555555555555556,ok
heterogeneous,2.0,0.05,2,tlearner,rf,additive,0.2,0.45276728194740634,0.9005555555555556,-0.020869565217391303,0.3710003533802405,-0.006666666666666667,0.10611111111111111,0.09944444444444445,ok
heterogeneous,2.0,0.05,2,tlearner,rf,additive,0.5,0.45276728194740634,0.9088888888888889,-0.026086956521739132,0.3133436492417269,-0.008333333333333333,0.09944444444444445,0.09111111111111111,ok
heterogeneous,2.0,0.05,2,tlearner,rf,additive,1.0,0.45276728194740634,0.9155555555555556,-0.04,0.25554624323747327,-0.012777777777777779,0.09722222222222222,0.08444444444444445,ok
heterogeneous,2.0,0.05,2,tlearner,rf,multiplicative,,0.45276728194740634,0.8888888888888888,-0.005217391304347826,0.4039104980532751,-0.0016666666666666668,0.11277777777777778,0.1111111111111111,ok
